Product,Type,Release Date,Process Size (nm),TDP (W),Die Size (mm^2),Transistors (million),Freq (MHz),Foundry,Vendor,3D_Bench,2D_Bench
GeForce2 Go,GPU,2000-11-11,180,2,64,20,143,TSMC,NVIDIA,4,95
Quadro NVS 280 SD,GPU,2005-05-31,150,10,65,29,250,TSMC,NVIDIA,2,119
Radeon 7200,GPU,2000-06-01,180,23,111,30,143,TSMC,ATI,3,94
Radeon 7200,GPU,2000-04-01,180,23,111,30,166,TSMC,ATI,3,94
Radeon VE,GPU,2001-02-19,180,23,115,30,183,TSMC,ATI,2,36
FireMV 2200 PCI,GPU,2006-01-01,150,15,98,36,240,UMC,ATI,1,153
Radeon 9000,GPU,2002-07-18,150,28,97,36,275,TSMC,ATI,5,126
Radeon 9000,GPU,2002-07-01,150,28,97,36,250,TSMC,ATI,5,126
RADEON 9000 Family,GPU,2004-03-14,150,28,97,36,275,TSMC,ATI,4,123
Radeon 9200,GPU,2003-05-01,150,28,98,36,250,UMC,ATI,4,135
Radeon 9200,GPU,2003-05-01,150,28,98,36,250,UMC,ATI,4,135
RADEON 9200 PRO Family,GPU,2003-05-01,150,28,98,36,240,UMC,ATI,3,135
Radeon 9200 SE,GPU,2003-03-01,150,28,98,36,200,UMC,ATI,3,129
Quadro NVS 280 PCI,GPU,2003-10-28,150,13,91,45,275,TSMC,NVIDIA,8,261
RADEON 9600SE,GPU,2003-10-01,130,12,76,60,324,TSMC,ATI,27,143
Radeon 9600 PRO,GPU,2003-10-01,130,18,76,60,400,TSMC,ATI,43,163
Radeon 9600 XT,GPU,2003-10-01,130,22,76,60,500,TSMC,ATI,35,147
Radeon 7500,GPU,2002-04-16,150,23,83,60,260,TSMC,ATI,3,35
Radeon 7500,GPU,2001-08-14,150,23,83,60,290,TSMC,ATI,3,35
Radeon 7500,GPU,2001-08-14,150,23,83,60,250,TSMC,ATI,3,35
RADEON 8500 Family,GPU,2002-02-04,150,23,120,60,250,TSMC,ATI,7,146
Radeon X1050,GPU,2007-11-25,130,24,76,60,250,TSMC,ATI,49,245
Radeon X1050,GPU,2006-12-07,130,24,76,60,250,TSMC,ATI,49,245
Mobility FireGL 7800,GPU,2001-09-29,150,27,68,60,280,TSMC,ATI,5,86
Mobility Radeon 7500,GPU,2001-12-01,150,27,68,60,280,TSMC,ATI,4,103
MOBILITY RADEON 7500,GPU,2001-12-01,150,27,68,60,230,TSMC,ATI,4,103
RADEON 9100 Family,GPU,2003-04-01,150,28,120,60,250,TSMC,ATI,6,163
GeForce Go 6200,GPU,2006-02-01,110,16,110,75,300,TSMC,NVIDIA,15,204
Quadro NVS 285,GPU,2006-06-06,110,18,110,75,275,TSMC,NVIDIA,39,185
FireMV 2400 PCIe,GPU,2008-01-01,130,20,92,75,500,TSMC,ATI,11,283
MOBILITY RADEON X600 SE,GPU,2004-09-01,130,36,92,75,400,TSMC,ATI,49,233
FireGL V3200,GPU,2004-09-01,130,46,92,75,500,TSMC,ATI,85,236
GeForce FX 5600,GPU,2003-03-06,130,37,121,80,325,TSMC,NVIDIA,13,168
GeForce FX 5700,GPU,2003-10-23,130,25,133,82,425,TSMC,NVIDIA,41,173
GeForce FX 5700 Ultra,GPU,2003-10-23,130,46,133,82,475,TSMC,NVIDIA,34,126
GeForce PCX 5750,GPU,2004-02-17,130,50,125,82,425,TSMC,NVIDIA,35,310
FireMV 2200 PCI,GPU,2006-01-01,110,15,74,107,324,TSMC,ATI,1,153
Radeon X1050,GPU,2006-12-07,110,24,74,107,400,TSMC,ATI,49,245
Radeon X1550,GPU,2007-01-01,80,27,100,107,452,UMC,ATI,67,253
Radeon X1550,GPU,2007-01-01,90,27,100,107,600,TSMC,ATI,67,253
Radeon X1550,GPU,2007-01-01,90,27,100,107,500,TSMC,ATI,67,253
Radeon X1550,GPU,2007-01-01,80,27,100,107,550,UMC,ATI,67,253
Radeon X1600,GPU,2007-01-01,80,27,100,107,635,UMC,ATI,49,209
Radeon X300SE,GPU,2006-10-25,110,30,74,107,325,TSMC,ATI,38,242
RADEON X300SE,GPU,2004-09-01,110,30,74,107,325,TSMC,ATI,38,242
Radeon X1300 PRO,GPU,2005-10-01,90,31,100,107,600,TSMC,ATI,84,313
Radeon X1300 PRO,GPU,2006-11-01,80,31,100,107,600,UMC,ATI,84,313
FireMV 2250,GPU,2007-01-01,80,32,100,107,600,UMC,ATI,46,290
Radeon X600,GPU,2004-09-01,110,36,74,107,325,TSMC,ATI,67,252
Radeon X600,GPU,2004-09-01,110,36,74,107,400,TSMC,ATI,67,252
Radeon 9500,GPU,2003-03-01,150,12,215,110,275,TSMC,ATI,36,173
RADEON 9500 PRO / 9700,GPU,2002-07-01,150,37,215,110,275,TSMC,ATI,42,157
Quadro NVS 110M,GPU,2006-06-01,90,10,81,112,300,TSMC,NVIDIA,48,236
Quadro NVS 120M,GPU,2006-06-01,90,10,81,112,450,TSMC,NVIDIA,47,274
Quadro FX 350M,GPU,2006-03-13,90,15,81,112,450,TSMC,NVIDIA,45,132
Quadro FX 350,GPU,2006-04-20,90,21,81,112,550,TSMC,NVIDIA,86,378
GeForce 7300 GS,GPU,2006-01-18,90,23,81,112,450,TSMC,NVIDIA,82,57
Radeon 9800,GPU,2003-03-01,150,37,215,117,325,TSMC,ATI,58,191
Radeon 9800 PRO,GPU,2003-10-01,150,47,218,117,380,TSMC,ATI,59,153
Radeon 9800 PRO,GPU,2003-03-01,150,47,215,117,380,TSMC,ATI,59,153
Radeon 9800 PRO,GPU,2004-03-04,150,60,218,117,378,TSMC,ATI,59,153
Radeon 9800 XT,GPU,2003-10-01,150,60,218,117,412,TSMC,ATI,57,160
Radeon 9800 XT,GPU,2004-03-14,150,60,218,117,412,TSMC,ATI,57,160
Radeon 9800 PRO,GPU,NaT,150,94,215,117,380,TSMC,ATI,59,153
Radeon X1050,GPU,2008-01-25,110,24,156,120,400,TSMC,ATI,49,245
Radeon X700 PRO,GPU,2004-09-01,110,33,156,120,425,TSMC,ATI,76,302
Radeon X700,GPU,2004-09-01,110,44,156,120,400,TSMC,ATI,73,248
Intel GMA 3150 Express,GPU,2007-05-09,45,13,66,123,400,Intel,Intel,3,66
Quadro FX 5800,GPU,2003-03-06,130,44,199,125,400,TSMC,NVIDIA,1248,134
Quadro FX 1300,GPU,2004-08-09,130,55,207,135,350,TSMC,NVIDIA,34,276
GeForce PCX 5900,GPU,2004-02-17,130,57,207,135,475,TSMC,NVIDIA,34,258
GeForce FX 5900 Ultra,GPU,2003-10-23,130,59,207,135,450,TSMC,NVIDIA,41,170
GeForce FX 5950 Ultra,GPU,2003-10-23,130,74,207,135,475,TSMC,NVIDIA,59,274
Quadro FX 540,GPU,2004-08-09,110,25,154,146,300,TSMC,NVIDIA,81,294
Quadro FX 550,GPU,2006-04-20,110,30,154,146,360,TSMC,NVIDIA,64,325
Quadro NVS 440,GPU,2006-02-14,110,31,154,146,250,TSMC,NVIDIA,38,358
GeForce 6600 GT,GPU,2004-11-14,110,47,154,146,500,TSMC,NVIDIA,137,67
Radeon X1300,GPU,2006-08-12,90,22,150,157,500,TSMC,ATI,58,237
FireGL V5200,GPU,2005-10-01,90,35,150,157,600,TSMC,ATI,115,348
Radeon X1600 PRO,GPU,2007-10-01,90,41,150,157,500,TSMC,ATI,99,273
Radeon X1600 XT,GPU,2007-10-01,90,42,150,157,590,TSMC,ATI,116,356
RADEON X800 GTO,GPU,2004-12-01,110,30,240,160,400,TSMC,ATI,115,162
Radeon X800 GT,GPU,2005-11-01,130,40,297,160,475,TSMC,ATI,84,423
Radeon X800 GT,GPU,2007-11-08,130,40,281,160,473,TSMC,ATI,84,423
Radeon X800 GT,GPU,2005-11-01,110,40,240,160,475,TSMC,ATI,84,423
Radeon X800 PRO,GPU,2004-05-01,130,48,289,160,475,TSMC,ATI,65,190
Radeon X800 PRO,GPU,2004-05-01,130,48,281,160,475,TSMC,ATI,65,190
Radeon X800 GTO,GPU,2007-12-29,130,49,289,160,400,TSMC,ATI,115,162
Radeon X800 GTO,GPU,2007-11-08,130,49,281,160,400,TSMC,ATI,115,162
Radeon X800 GTO,GPU,2005-11-01,130,49,297,160,400,TSMC,ATI,115,162
Radeon X800 GTO,GPU,2005-10-01,130,49,297,160,400,TSMC,ATI,115,162
Radeon X800 GTO,GPU,2005-10-01,110,49,240,160,400,TSMC,ATI,115,162
Radeon X800 XL,GPU,2004-12-01,130,49,297,160,400,TSMC,ATI,69,271
Radeon X800 XL,GPU,2004-05-01,110,49,240,160,400,TSMC,ATI,69,271
Radeon X800 XT,GPU,2004-12-01,130,54,289,160,500,TSMC,ATI,98,271
Radeon X800 XT,GPU,2004-03-01,130,54,281,160,500,TSMC,ATI,98,271
Radeon X800 XT,GPU,2004-12-01,130,54,289,160,475,TSMC,ATI,98,271
Radeon X800 XT,GPU,2004-05-01,130,63,281,160,520,TSMC,ATI,98,271
Radeon X850 XT,GPU,2004-12-21,130,67,297,160,540,TSMC,ATI,81,326
Radeon X850 XT,GPU,2005-02-28,130,67,297,160,540,TSMC,ATI,81,326
Radeon X850 XT,GPU,2004-12-01,130,69,297,160,520,TSMC,ATI,81,326
Radeon X850 XT,GPU,2005-02-28,130,69,297,160,520,TSMC,ATI,81,326
FireGL V7100,GPU,2004-12-01,130,91,289,160,493,TSMC,ATI,72,223
NVS 300,GPU,2006-05-24,90,16,125,177,500,TSMC,NVIDIA,114,60
GeForce 7900 GT,GPU,2006-04-18,90,20,125,177,350,TSMC,NVIDIA,258,160
GeForce 7300 GT,GPU,2006-08-26,90,24,125,177,350,TSMC,NVIDIA,135,39
GeForce 7300 GT,GPU,2006-05-15,90,24,125,177,350,TSMC,NVIDIA,135,39
GeForce 7600 GS,GPU,2006-07-01,90,27,125,177,400,TSMC,NVIDIA,158,55
GeForce 7600 GS,GPU,2006-03-22,90,27,125,177,400,TSMC,NVIDIA,158,55
Quadro FX 560,GPU,2006-04-20,90,30,125,177,350,TSMC,NVIDIA,114,360
Quadro FX 550,GPU,2006-03-13,90,35,125,177,480,TSMC,NVIDIA,64,325
GeForce 7600 GT,GPU,2007-01-08,90,40,125,177,560,TSMC,NVIDIA,204,101
GeForce 7600 GT,GPU,2006-03-09,90,40,125,177,560,TSMC,NVIDIA,204,101
GeForce 7600 GT,GPU,2006-09-02,90,40,125,177,560,TSMC,NVIDIA,204,101
Mobility Radeon HD 3410,GPU,2009-05-07,65,20,85,180,519,TSMC,ATI,63,130
Radeon HD 2350,GPU,2007-01-01,65,20,85,180,525,TSMC,ATI,77,262
Radeon HD 2400,GPU,2008-02-19,65,20,85,180,398,TSMC,ATI,121,298
Radeon HD 2400 PRO,GPU,2007-06-28,65,20,85,180,525,TSMC,ATI,114,346
Radeon E2400,GPU,2007-06-28,65,25,85,180,600,TSMC,ATI,52,287
Radeon HD 2400 XT,GPU,2007-06-28,65,25,85,180,650,TSMC,ATI,119,357
Mobility Radeon HD 3410,GPU,2008-07-25,55,7,67,181,400,TSMC,ATI,63,130
Mobility Radeon HD 4225,GPU,2010-05-01,55,9,67,181,380,Unknown,ATI,66,174
Mobility Radeon HD 3430,GPU,2008-07-25,55,12,67,181,450,TSMC,ATI,98,260
FireMV 2260,GPU,2008-01-01,55,15,67,181,500,TSMC,ATI,117,488
FirePro 2260,GPU,2008-01-01,55,15,67,181,500,TSMC,ATI,113,431
Radeon HD 3450,GPU,2008-01-23,55,25,67,181,600,TSMC,ATI,118,29
Radeon HD 3450,GPU,2007-12-10,55,25,67,181,600,TSMC,ATI,118,29
Radeon HD 4250,GPU,2009-02-25,55,25,67,181,594,TSMC,ATI,123,408
Radeon HD 3470,GPU,2008-01-23,55,30,67,181,800,TSMC,ATI,90,95
FirePro 2450,GPU,2009-01-01,55,32,67,181,400,TSMC,ATI,51,482
GeForce 8400M G,GPU,2007-05-09,80,10,127,210,400,TSMC,NVIDIA,59,241
Quadro NVS 130M,GPU,2007-05-09,80,10,127,210,400,TSMC,NVIDIA,97,190
Quadro NVS 135M,GPU,2007-05-09,80,10,127,210,400,TSMC,NVIDIA,67,74
Quadro NVS 140M,GPU,2007-05-09,80,10,127,210,400,TSMC,NVIDIA,49,99
Quadro NVS 150M,GPU,2008-08-15,65,10,86,210,530,TSMC,NVIDIA,93,327
GeForce 8400M GS,GPU,2007-05-09,80,11,127,210,400,TSMC,NVIDIA,98,47
GeForce 8200M G,GPU,2008-06-03,80,12,127,210,400,Unknown,AMD,72,72
GeForce 9100M G,GPU,2008-07-29,80,12,127,210,450,Unknown,AMD,70,54
Quadro NVS 160M,GPU,2008-08-15,65,12,86,210,580,TSMC,NVIDIA,76,46
GeForce 9200M GS,GPU,2008-06-03,65,13,86,210,550,TSMC,NVIDIA,111,55
GeForce 9300M G,GPU,2008-02-01,80,13,127,210,400,TSMC,NVIDIA,85,242
GeForce 9300M GS,GPU,2008-06-04,65,13,86,210,550,TSMC,NVIDIA,92,33
GeForce 8400M GT,GPU,2007-05-09,80,14,127,210,450,TSMC,NVIDIA,64,68
GeForce G105M,GPU,2009-01-08,65,14,86,210,640,TSMC,NVIDIA,108,46
Quadro FX 360M,GPU,2007-05-09,80,17,127,210,400,TSMC,NVIDIA,87,308
GeForce 8600M GS,GPU,2007-05-01,80,20,127,210,450,TSMC,NVIDIA,73,57
Quadro FX 370M,GPU,2008-08-15,65,20,86,210,550,TSMC,NVIDIA,93,334
Quadro NVS 290,GPU,2007-10-04,80,21,127,210,459,TSMC,NVIDIA,205,59
Quadro NVS 295,GPU,2009-05-07,65,23,86,210,540,TSMC,NVIDIA,75,73
GeForce 8400,GPU,2007-12-04,65,25,86,210,540,TSMC,NVIDIA,81,160
GeForce 8400 GS,GPU,2007-12-04,65,25,86,210,567,TSMC,NVIDIA,128,32
Quadro FX 370 LP,GPU,2008-11-06,65,25,86,210,540,TSMC,NVIDIA,108,481
GeForce 8500 GT,GPU,2007-04-17,80,30,127,210,459,TSMC,NVIDIA,115,39
GeForce G100,GPU,2009-03-10,65,35,86,210,540,TSMC,NVIDIA,147,56
Quadro NVS 450,GPU,2008-11-11,65,35,86,210,480,TSMC,NVIDIA,64,154
GeForce 8100 / nForce 720a,GPU,2007-04-17,80,40,127,210,500,Unknown,NVIDIA,79,308
GeForce 8200,GPU,2007-04-17,80,40,127,210,500,Unknown,NVIDIA,153,163
GeForce 8300,GPU,2007-04-17,80,40,127,210,500,Unknown,NVIDIA,102,168
GeForce 8300 GS,GPU,2007-04-17,80,40,127,210,459,TSMC,NVIDIA,67,314
GeForce 8400 GS,GPU,2007-04-17,80,40,127,210,459,TSMC,NVIDIA,128,32
GeForce 9100,GPU,2007-04-17,80,40,127,210,500,Unknown,NVIDIA,82,345
GeForce 9200,GPU,2007-04-17,80,40,127,210,500,Unknown,NVIDIA,171,31
GeForce 9400,GPU,2007-04-17,80,40,127,210,580,Unknown,NVIDIA,112,99
Quadro NVS 420,GPU,2009-01-20,65,40,86,210,550,TSMC,NVIDIA,70,186
GeForce 8400 SE,GPU,2008-08-01,80,50,127,210,459,TSMC,NVIDIA,68,290
GeForce 9400 GT,GPU,2008-08-01,80,50,127,210,459,TSMC,NVIDIA,105,60
GeForce Go 6800,GPU,2004-11-08,130,45,225,222,300,TSMC,NVIDIA,106,205
Quadro FX 1400,GPU,2004-08-09,130,55,225,222,350,TSMC,NVIDIA,124,152
GeForce 6800 GT,GPU,2004-06-08,130,67,287,222,350,TSMC,NVIDIA,142,212
GeForce 6800 GT,GPU,2004-04-14,130,80,287,222,350,TSMC,NVIDIA,142,212
GeForce 6800 Ultra,GPU,2004-07-26,130,81,287,222,425,TSMC,NVIDIA,139,153
Quadro FX 3450,GPU,2005-07-28,130,83,225,222,425,TSMC,NVIDIA,149,235
Quadro FX 4000,GPU,2005-07-28,130,83,287,222,375,TSMC,NVIDIA,101,78
GeForce Go 6800 Ultra,GPU,2005-02-24,130,89,225,222,450,TSMC,NVIDIA,138,198
GeForce 6800 Ultra,GPU,2004-04-14,130,100,287,222,400,TSMC,NVIDIA,139,153
Quadro FX 4000,GPU,2004-04-01,130,142,287,222,375,TSMC,NVIDIA,101,78
Mobility Radeon HD 530v,GPU,2010-05-05,55,10,73,242,500,TSMC,ATI,175,353
Mobility Radeon HD 540v,GPU,2010-05-05,55,15,73,242,550,TSMC,ATI,188,382
Mobility Radeon HD 545v,GPU,2010-05-05,55,15,73,242,720,TSMC,ATI,200,270
Radeon HD 4350,GPU,2008-09-30,55,20,73,242,600,TSMC,ATI,103,34
Radeon HD 4550,GPU,2008-09-30,55,25,73,242,600,TSMC,ATI,236,429
FirePro RG220,GPU,2008-05-01,55,35,73,242,500,TSMC,ATI,335,552
NVS 2100M,GPU,2010-01-07,40,11,57,260,535,TSMC,NVIDIA,139,221
GeForce 305M,GPU,2010-01-10,40,14,57,260,525,TSMC,NVIDIA,151,149
GeForce 310M,GPU,2010-01-10,40,14,57,260,606,TSMC,NVIDIA,111,27
GeForce 310M,GPU,2010-01-10,40,14,57,260,625,TSMC,NVIDIA,111,27
GeForce 315M,GPU,2011-01-05,40,14,57,260,606,TSMC,NVIDIA,116,52
GeForce 405,GPU,2011-01-05,40,14,57,260,606,TSMC,NVIDIA,122,60
GeForce G105M,GPU,2009-12-14,40,14,57,260,535,TSMC,NVIDIA,108,46
GeForce G105M,GPU,2009-07-16,40,14,57,260,500,TSMC,NVIDIA,108,46
GeForce G210M,GPU,2009-06-15,40,14,57,260,625,TSMC,NVIDIA,122,36
NVS 3100M,GPU,2010-01-07,40,14,57,260,606,TSMC,NVIDIA,115,42
NVS 300,GPU,2011-01-08,40,18,57,260,520,TSMC,NVIDIA,114,60
ION,GPU,2008-06-03,40,20,57,260,500,TSMC,NVIDIA,86,20
GeForce 405,GPU,2010-09-03,40,25,57,260,589,TSMC,NVIDIA,122,60
GeForce 505,GPU,2013-01-06,40,25,57,260,589,TSMC,NVIDIA,187,587
GeForce 8400 GS,GPU,2010-07-12,40,25,57,260,520,TSMC,NVIDIA,128,32
Quadro FX 380M,GPU,2010-01-07,40,25,57,260,606,TSMC,NVIDIA,124,124
Quadro FX 380 LP,GPU,2009-12-01,40,28,57,260,550,TSMC,NVIDIA,136,128
GeForce 205,GPU,2009-11-26,40,31,57,260,589,TSMC,NVIDIA,126,309
GeForce 210,GPU,2009-10-12,40,31,57,260,520,TSMC,NVIDIA,97,39
GeForce 310,GPU,2009-11-27,40,31,57,260,589,TSMC,NVIDIA,122,61
GeForce G210,GPU,2009-08-24,40,31,57,260,589,TSMC,NVIDIA,103,50
GeForce 315,GPU,2011-02-22,40,33,57,260,589,TSMC,NVIDIA,159,66
GeForce 8400 GS,GPU,2007-04-17,40,40,57,260,520,TSMC,NVIDIA,128,32
GeForce 9400 GT,GPU,2012-06-13,40,50,57,260,589,TSMC,NVIDIA,105,60
GeForce Go 7900 GS,GPU,2006-04-18,90,20,196,278,375,TSMC,NVIDIA,176,254
GeForce 7600 GS,GPU,2006-07-01,90,27,196,278,500,TSMC,NVIDIA,158,55
Quadro NVS 510M,GPU,2006-08-21,90,35,196,278,450,TSMC,NVIDIA,254,317
GeForce Go 7900 GTX,GPU,2006-04-18,90,45,196,278,500,TSMC,NVIDIA,270,264
GeForce Go 7950 GTX,GPU,2006-10-12,90,45,196,278,575,TSMC,NVIDIA,264,283
Quadro FX 1500M,GPU,2006-04-18,90,45,196,278,375,TSMC,NVIDIA,171,275
Quadro FX 2500M,GPU,2005-09-29,90,45,196,278,500,TSMC,NVIDIA,218,272
Quadro FX 3500M,GPU,2007-03-01,90,45,196,278,575,TSMC,NVIDIA,306,309
GeForce 7900 GT,GPU,2006-03-09,90,48,196,278,450,TSMC,NVIDIA,258,160
GeForce 7900 GS,GPU,2006-05-01,90,49,196,278,450,TSMC,NVIDIA,254,68
GeForce 7900 GS,GPU,2006-04-02,90,65,196,278,450,TSMC,NVIDIA,254,68
GeForce 7950 GT,GPU,2007-04-02,90,65,196,278,500,TSMC,NVIDIA,344,189
GeForce 7950 GT,GPU,2006-08-06,90,65,196,278,550,TSMC,NVIDIA,344,189
Quadro FX 1500,GPU,2006-04-20,90,65,196,278,325,TSMC,NVIDIA,190,105
GeForce 7800 GS,GPU,2006-09-28,90,75,196,278,425,TSMC,NVIDIA,177,199
GeForce 7800 GS,GPU,2006-09-28,90,75,196,278,375,TSMC,NVIDIA,177,199
GeForce 7800 GS,GPU,2006-09-28,90,75,196,278,425,TSMC,NVIDIA,177,199
Quadro FX 3500,GPU,2006-05-22,90,80,196,278,450,TSMC,NVIDIA,292,106
GeForce 7900 GT/GTO,GPU,2006-10-01,90,81,196,278,650,TSMC,NVIDIA,247,469
GeForce 7900 GTX,GPU,2006-03-09,90,84,196,278,650,TSMC,NVIDIA,388,165
Quadro FX 5500,GPU,2006-04-20,90,96,196,278,650,TSMC,NVIDIA,242,394
GeForce 7900 GT,GPU,2006-04-30,90,110,196,278,500,TSMC,NVIDIA,258,160
GeForce 7950 GX2,GPU,2006-06-05,90,110,196,278,500,TSMC,NVIDIA,202,413
Quadro FX 4500 X2,GPU,2006-04-24,90,145,196,278,500,TSMC,NVIDIA,236,653
ION,GPU,2008-06-03,65,20,162,282,575,Unknown,NVIDIA,86,20
ION,GPU,2008-06-03,65,20,162,282,450,Unknown,NVIDIA,86,20
ION LE,GPU,2008-06-03,65,20,162,282,450,Unknown,NVIDIA,98,96
GeForce 8600M GT,GPU,2007-10-05,80,20,169,289,470,TSMC,NVIDIA,89,42
GeForce 8600M GT,GPU,2007-05-01,80,20,169,289,475,TSMC,NVIDIA,89,42
GeForce 8600M GT,GPU,2007-12-31,80,20,169,289,475,TSMC,NVIDIA,89,42
GeForce 9500M GS,GPU,2008-02-01,80,20,169,289,475,TSMC,NVIDIA,104,74
Quadro NVS 320M,GPU,2007-06-09,80,20,169,289,575,TSMC,NVIDIA,128,109
GeForce 8700M GT,GPU,2007-06-01,80,29,169,289,625,TSMC,NVIDIA,124,97
GeForce 9650M GS,GPU,2008-03-13,80,29,169,289,625,TSMC,NVIDIA,270,328
Quadro FX 370,GPU,2007-09-12,80,35,169,289,360,TSMC,NVIDIA,84,385
Quadro FX 570,GPU,2007-09-12,80,38,169,289,460,TSMC,NVIDIA,156,140
Quadro FX 1700,GPU,2008-09-27,80,42,169,289,520,TSMC,NVIDIA,118,44
Quadro FX 1700,GPU,2007-09-12,80,42,169,289,460,TSMC,NVIDIA,118,44
Quadro FX 570M,GPU,2007-06-01,80,45,169,289,475,TSMC,NVIDIA,111,49
GeForce 8600 GS,GPU,2007-04-17,80,47,169,289,540,TSMC,NVIDIA,92,100
GeForce 8600 GT,GPU,2007-04-17,80,47,169,289,540,TSMC,NVIDIA,117,63
GeForce 8600 GT,GPU,2007-04-17,80,47,169,289,600,TSMC,NVIDIA,117,63
Quadro FX 1600M,GPU,2007-06-01,80,50,169,289,625,TSMC,NVIDIA,186,211
GeForce 8600 GTS,GPU,2007-04-17,80,60,169,289,675,TSMC,NVIDIA,161,35
GeForce 8600 GTS,GPU,2007-09-21,80,75,169,289,675,TSMC,NVIDIA,161,35
Mobility Radeon HD 5430,GPU,2010-01-07,40,7,59,292,500,TSMC,ATI,181,330
Mobility Radeon HD 5450,GPU,2010-01-07,40,11,59,292,650,TSMC,ATI,214,320
Mobility Radeon HD 5450,GPU,2010-01-07,40,11,59,292,675,TSMC,ATI,214,320
Radeon HD 6370M,GPU,2010-11-26,40,11,59,292,750,TSMC,AMD,276,401
GeForce 410M,GPU,2011-01-05,40,12,79,292,574,TSMC,NVIDIA,250,129
GeForce 610M,GPU,2011-12-01,40,12,79,292,738,TSMC,NVIDIA,292,103
GeForce GT 520M,GPU,2011-01-05,40,12,79,292,740,TSMC,NVIDIA,288,74
GeForce GT 610,GPU,2011-12-01,40,12,79,292,738,TSMC,NVIDIA,303,127
FirePro 2270,GPU,2011-01-31,40,15,59,292,600,TSMC,AMD,147,195
GeForce 705M,GPU,NaT,40,15,79,292,738,TSMC,NVIDIA,456,455
GeForce 705M,GPU,2014-07-01,40,15,79,292,475,TSMC,NVIDIA,456,455
GeForce 800A,GPU,2014-03-17,40,15,79,292,475,TSMC,NVIDIA,428,224
Mobility Radeon HD 5470,GPU,2010-01-07,40,15,59,292,750,TSMC,ATI,236,362
FirePro 2460,GPU,2010-04-01,40,17,59,292,500,TSMC,ATI,170,352
NVS 315,GPU,2013-03-10,40,19,79,292,523,TSMC,NVIDIA,286,187
Radeon HD 5450,GPU,2010-02-04,40,19,59,292,650,TSMC,ATI,138,149
Radeon HD 5470,GPU,2012-02-13,40,19,59,292,650,TSMC,ATI,268,298
Radeon HD 6230,GPU,2011-07-02,40,19,59,292,650,TSMC,AMD,179,254
Radeon HD 6250,GPU,2011-01-31,40,19,59,292,650,TSMC,AMD,94,32
Radeon HD 6290,GPU,2011-12-04,40,19,59,292,650,TSMC,AMD,109,34
Radeon HD 6350,GPU,2011-02-07,40,19,59,292,650,TSMC,AMD,141,171
Radeon HD 7350,GPU,2012-01-05,40,19,59,292,650,TSMC,AMD,193,248
Radeon R5 220,GPU,2013-12-21,40,19,59,292,650,TSMC,AMD,135,112
GeForce GT 520MX,GPU,2011-05-30,40,20,79,292,900,TSMC,NVIDIA,293,56
NVS 310,GPU,2012-06-26,40,20,79,292,523,TSMC,NVIDIA,242,179
GeForce 510,GPU,2011-09-29,40,25,79,292,523,TSMC,NVIDIA,257,199
GeForce 605,GPU,2012-04-02,40,25,79,292,523,TSMC,NVIDIA,305,179
NVS 4200M,GPU,2011-02-22,40,25,79,292,810,TSMC,NVIDIA,257,75
GeForce GT 520,GPU,2012-08-20,40,29,79,292,589,TSMC,NVIDIA,297,126
GeForce GT 520,GPU,2011-04-13,40,29,79,292,810,TSMC,NVIDIA,297,126
GeForce GT 520,GPU,2011-04-13,40,29,79,292,810,TSMC,NVIDIA,297,126
GeForce GT 610,GPU,2012-04-02,40,29,79,292,810,TSMC,NVIDIA,303,127
GeForce GT 610,GPU,2012-09-09,40,29,79,292,550,TSMC,NVIDIA,303,127
GeForce GT 625,GPU,2013-02-18,40,29,79,292,874,TSMC,NVIDIA,329,194
GeForce GT 705,GPU,2014-03-27,40,29,79,292,874,TSMC,NVIDIA,355,180
GeForce GT 710,GPU,2016-01-26,40,29,79,292,810,TSMC,NVIDIA,637,214
GeForce GT 620,GPU,2012-04-02,40,30,79,292,810,TSMC,NVIDIA,365,162
GeForce Go 7800,GPU,2006-03-03,110,35,333,302,400,TSMC,NVIDIA,115,209
GeForce 7800 GT,GPU,2005-08-11,110,65,333,302,400,TSMC,NVIDIA,244,273
GeForce Go 7800 GTX,GPU,2005-09-29,110,65,333,302,440,TSMC,NVIDIA,210,239
GeForce 7800 GS,GPU,2006-02-02,110,75,333,302,375,TSMC,NVIDIA,177,199
GeForce 7800 GS,GPU,2006-02-02,110,75,333,302,425,TSMC,NVIDIA,177,199
GeForce 7800 GTX,GPU,2005-06-22,110,86,333,302,430,TSMC,NVIDIA,291,196
GeForce Go 7800,GPU,2005-11-14,110,108,333,302,500,TSMC,NVIDIA,115,209
Quadro FX 4500,GPU,2005-07-28,110,109,333,302,430,TSMC,NVIDIA,226,143
Quadro FX 4500,GPU,2006-01-30,110,116,333,302,430,TSMC,NVIDIA,226,143
GeForce 8200M G,GPU,2008-06-03,65,12,144,314,400,Unknown,Intel,72,72
GeForce 9100M G,GPU,2008-07-29,65,12,144,314,450,Unknown,Intel,70,54
GeForce 9200M GE,GPU,2008-10-15,65,12,144,314,450,Unknown,NVIDIA,157,79
GeForce 9400M,GPU,2008-10-15,65,12,144,314,450,Unknown,NVIDIA,75,102
GeForce 9400M,GPU,2008-10-15,65,12,144,314,580,Unknown,NVIDIA,75,102
GeForce 9400M G,GPU,2008-10-15,65,12,144,314,450,Unknown,NVIDIA,68,61
GeForce G102M,GPU,2009-01-08,65,14,144,314,450,Unknown,NVIDIA,134,137
GeForce G205M,GPU,2009-01-08,65,14,144,314,450,Unknown,NVIDIA,92,294
GeForce GT 120M,GPU,2008-12-12,55,14,121,314,500,TSMC,NVIDIA,266,272
GeForce GT 120M,GPU,2009-06-15,55,14,121,314,500,TSMC,NVIDIA,266,272
GeForce GT 220M,GPU,2009-06-15,55,14,121,314,500,TSMC,NVIDIA,121,92
GeForce GT 320M,GPU,2009-06-15,55,14,121,314,500,TSMC,NVIDIA,107,41
GeForce 9500M G,GPU,2008-06-03,65,20,144,314,500,UMC,NVIDIA,122,172
GeForce 9600M GS,GPU,2008-06-03,55,20,121,314,430,TSMC,NVIDIA,119,67
ION,GPU,2008-06-03,65,20,144,314,450,Unknown,NVIDIA,86,20
GeForce 9600M GT,GPU,2008-10-25,55,23,121,314,500,TSMC,NVIDIA,132,39
GeForce 9600M GT,GPU,2008-06-04,55,23,121,314,500,TSMC,NVIDIA,132,39
GeForce 9650M GT,GPU,2008-08-19,55,23,121,314,550,TSMC,NVIDIA,137,62
GeForce GT 130M,GPU,2009-01-08,55,23,121,314,600,TSMC,NVIDIA,146,35
GeForce GT 240M,GPU,2010-01-15,55,23,121,314,600,TSMC,NVIDIA,205,61
GeForce G210,GPU,2009-05-26,55,31,121,314,550,TSMC,NVIDIA,103,50
Quadro FX 380,GPU,2009-03-30,65,34,144,314,450,UMC,NVIDIA,186,151
Quadro FX 770M,GPU,2008-08-14,65,35,144,314,500,UMC,NVIDIA,198,92
GeForce 9200,GPU,2007-04-17,65,40,144,314,450,Unknown,NVIDIA,171,31
GeForce 9300 / nForce 730i,GPU,2007-04-17,65,40,144,314,450,Unknown,NVIDIA,129,367
GeForce 9400,GPU,2007-04-17,65,40,144,314,450,Unknown,NVIDIA,112,99
GeForce 9500 GS,GPU,2008-07-29,55,40,121,314,500,TSMC,NVIDIA,157,66
GeForce 9500 GS,GPU,2008-07-29,65,40,144,314,550,UMC,NVIDIA,157,66
Quadro FX 580,GPU,2009-04-09,55,40,121,314,450,TSMC,NVIDIA,155,58
GeForce 9700M GT,GPU,2008-07-29,65,45,144,314,625,UMC,NVIDIA,217,156
GeForce 9400 GT,GPU,2008-08-27,55,50,121,314,550,TSMC,NVIDIA,105,60
GeForce 9400 GT,GPU,2008-08-27,55,50,121,314,550,TSMC,NVIDIA,105,60
GeForce 9500 GT,GPU,2008-07-29,55,50,121,314,550,TSMC,NVIDIA,135,40
GeForce 9500 GT,GPU,2008-07-29,65,50,144,314,600,UMC,NVIDIA,135,40
GeForce 9500 GT,GPU,2010-05-19,55,50,121,314,550,TSMC,NVIDIA,135,40
GeForce GT 120,GPU,2009-03-10,55,50,121,314,738,TSMC,NVIDIA,175,91
GeForce GT 120,GPU,2009-01-20,55,50,121,314,550,TSMC,NVIDIA,175,91
Quadro FX 1700M,GPU,2008-10-01,65,50,144,314,625,UMC,NVIDIA,173,135
Radeon X1800 GTO,GPU,2006-03-01,90,48,288,321,500,TSMC,ATI,141,415
Radeon X1800 GTO,GPU,2005-10-01,90,70,288,321,500,TSMC,ATI,141,415
FireGL V7300,GPU,2005-10-01,90,97,288,321,594,TSMC,ATI,128,322
FireGL V7350,GPU,2005-10-01,90,111,288,321,600,TSMC,ATI,111,344
Radeon X1800 GTO,GPU,2005-12-20,90,113,288,321,600,TSMC,ATI,141,415
Radeon X1800 GTO,GPU,2005-10-01,90,113,288,321,600,TSMC,ATI,141,415
Mobility Radeon X1700,GPU,2007-11-05,80,44,131,330,587,TSMC,ATI,105,228
Radeon X1650 PRO,GPU,2006-10-15,80,44,131,330,600,TSMC,ATI,85,241
Radeon X1650 PRO,GPU,2006-08-23,80,44,131,330,600,TSMC,ATI,85,241
Radeon X1650 GTO,GPU,2006-10-30,80,55,230,330,540,TSMC,ATI,75,384
Radeon X1650 Pro,GPU,2006-10-30,80,55,230,330,525,TSMC,ATI,85,241
Radeon X1950 GT,GPU,2007-01-29,80,57,230,330,500,TSMC,ATI,106,279
Radeon X1950 GT,GPU,2007-02-10,80,57,230,330,500,TSMC,ATI,106,279
Radeon X1950 PRO,GPU,2006-10-01,80,66,230,330,575,TSMC,ATI,113,318
Radeon X1950 PRO,GPU,2006-10-25,80,66,230,330,575,TSMC,ATI,113,318
Radeon X1950 CrossFire Edition,GPU,2007-01-10,80,130,230,330,575,TSMC,ATI,151,466
Radeon HD 7450M,GPU,2012-01-07,40,7,67,370,700,TSMC,AMD,330,441
Radeon HD 6450,GPU,2011-02-07,40,18,67,370,625,TSMC,AMD,200,120
Radeon HD 6450,GPU,2011-04-07,40,18,67,370,625,TSMC,AMD,200,120
Radeon HD 7450,GPU,2012-01-05,40,18,67,370,625,TSMC,AMD,221,147
Radeon R5 235X,GPU,2013-12-21,40,18,67,370,875,TSMC,AMD,280,210
Radeon R5 230,GPU,2014-04-03,40,19,67,370,625,TSMC,AMD,222,255
Radeon R5 230,GPU,2013-12-21,40,19,67,370,625,TSMC,AMD,222,255
Radeon E6460,GPU,2011-04-07,40,25,67,370,600,TSMC,AMD,324,225
Radeon E6465,GPU,2015-09-29,40,25,67,370,600,TSMC,AMD,231,354
Radeon HD 6450A,GPU,2011-04-07,40,25,67,370,625,TSMC,AMD,260,208
Radeon HD 6470M,GPU,2011-01-04,40,25,67,370,700,TSMC,AMD,228,104
Radeon HD 7450A,GPU,2012-01-05,40,25,67,370,625,TSMC,AMD,288,385
Radeon HD 7470M,GPU,2012-01-07,40,25,67,370,750,TSMC,AMD,408,393
Radeon HD 7470,GPU,2012-01-05,40,27,67,370,750,TSMC,AMD,316,177
Radeon HD 8490,GPU,2013-07-23,40,35,67,370,875,TSMC,AMD,265,173
Radeon R5 220,GPU,2014-01-01,40,35,67,370,775,TSMC,AMD,135,112
Radeon R5 235,GPU,2013-12-21,40,35,67,370,775,TSMC,AMD,329,176
Radeon R5 310,GPU,2015-05-05,40,35,67,370,775,TSMC,AMD,332,545
Radeon R5 310,GPU,2015-05-05,40,35,67,370,875,TSMC,AMD,332,545
Mobility Radeon HD 3670,GPU,2008-01-07,55,30,135,378,680,TSMC,ATI,232,331
Radeon HD 2600 XT,GPU,2007-06-28,55,45,135,378,722,TSMC,ATI,283,371
Mobility Radeon HD 4570,GPU,2009-11-22,55,65,135,378,796,TSMC,ATI,135,26
Radeon HD 3650 AGP,GPU,2008-01-20,55,65,135,378,725,TSMC,ATI,150,155
Radeon HD 3670,GPU,2008-09-11,55,65,135,378,796,TSMC,ATI,151,62
Radeon X1900 GT,GPU,2006-05-01,90,75,352,384,575,TSMC,ATI,146,409
Radeon X1950 GT,GPU,2006-10-17,90,96,352,384,625,TSMC,ATI,106,279
Radeon X1900 CrossFire Edition,GPU,2006-01-24,90,100,352,384,625,TSMC,ATI,137,507
Radeon X1900 GT,GPU,2006-01-01,90,135,352,384,650,TSMC,ATI,146,409
Radeon HD 2600 PRO,GPU,2007-06-28,65,35,153,390,600,TSMC,ATI,211,337
Radeon HD 2600 PRO,GPU,2007-06-28,65,35,153,390,594,TSMC,ATI,211,337
Radeon HD 2600 XT,GPU,2007-06-28,65,45,153,390,800,TSMC,ATI,283,371
Radeon HD 2600 XT,GPU,2008-02-21,65,45,153,390,700,TSMC,ATI,283,371
Radeon HD 2600 XT,GPU,2007-06-28,65,50,153,390,800,TSMC,ATI,283,371
FireGL V3600,GPU,2007-06-28,65,73,153,390,600,TSMC,ATI,180,399
FireGL V5600,GPU,2007-06-28,65,89,153,390,800,TSMC,ATI,341,445
Radeon HD 6250,GPU,2012-10-09,40,7,75,450,276,TSMC,AMD,94,32
Radeon HD 6250,GPU,2012-04-04,40,9,75,450,277,TSMC,AMD,94,32
Radeon HD 6250,GPU,2010-11-09,40,9,75,450,500,TSMC,AMD,94,32
Radeon HD 6290,GPU,2011-01-07,40,9,75,450,276,TSMC,AMD,109,34
Radeon HD 6310,GPU,2010-11-09,40,18,75,450,488,TSMC,AMD,123,39
Radeon HD 6310,GPU,2010-11-09,40,18,75,450,276,TSMC,AMD,123,39
Radeon HD 6320,GPU,2011-08-15,40,18,75,450,508,TSMC,AMD,148,45
Radeon HD 7290,GPU,2012-06-06,40,18,75,450,276,TSMC,AMD,115,51
Radeon HD 7310,GPU,2012-06-06,40,18,75,450,500,TSMC,AMD,130,45
Radeon HD 7340,GPU,2012-06-06,40,18,75,450,523,TSMC,AMD,157,57
GeForce 320M,GPU,2010-04-01,40,23,100,486,450,Unknown,NVIDIA,219,69
GeForce GT 230M,GPU,2009-06-15,40,23,100,486,500,TSMC,NVIDIA,201,47
GeForce GT 240M,GPU,2009-06-15,40,23,100,486,550,TSMC,NVIDIA,205,61
GeForce GT 320M,GPU,2010-03-03,40,23,100,486,500,TSMC,NVIDIA,107,41
GeForce GT 325M,GPU,2010-01-10,40,23,100,486,450,TSMC,NVIDIA,171,52
GeForce GT 330M,GPU,2010-04-26,40,23,100,486,500,TSMC,NVIDIA,209,57
GeForce GT 330M,GPU,2010-01-10,40,23,100,486,575,TSMC,NVIDIA,209,57
GeForce 405,GPU,2010-09-03,40,25,100,486,475,TSMC,NVIDIA,122,60
GeForce 405,GPU,2010-09-03,40,25,100,486,475,TSMC,NVIDIA,122,60
GeForce 505,GPU,2013-02-17,40,25,100,486,615,TSMC,NVIDIA,187,587
GeForce 210,GPU,2009-09-04,40,31,100,486,475,TSMC,NVIDIA,97,39
GeForce 210,GPU,2009-10-12,40,31,100,486,475,TSMC,NVIDIA,97,39
GeForce GT 415,GPU,2010-09-03,40,32,100,486,625,TSMC,NVIDIA,248,363
Quadro 400,GPU,2011-04-05,40,32,100,486,450,TSMC,NVIDIA,146,67
GeForce 315,GPU,2010-03-31,40,33,100,486,475,TSMC,NVIDIA,159,66
NVS 5100M,GPU,2010-01-07,40,35,100,486,550,TSMC,NVIDIA,190,87
Quadro FX 880M,GPU,2010-01-07,40,35,100,486,550,TSMC,NVIDIA,219,80
GeForce GT 220,GPU,2009-10-12,,58,100,486,615,TSMC,NVIDIA,211,56
GeForce GTS 150M,GPU,2009-03-03,65,45,240,505,400,TSMC,NVIDIA,504,407
GeForce GT 220,GPU,2010-01-26,65,58,240,505,600,TSMC,NVIDIA,211,56
Quadro FX 1800,GPU,2009-03-30,65,59,240,505,550,TSMC,NVIDIA,405,90
GeForce 9700M GTS,GPU,2008-07-29,65,60,240,505,530,TSMC,NVIDIA,326,106
GeForce 9800M GS,GPU,2008-11-01,65,60,240,505,530,TSMC,NVIDIA,460,109
GeForce GTS 160M,GPU,2009-03-03,65,60,240,505,600,TSMC,NVIDIA,679,308
Quadro FX 2700M,GPU,2008-08-14,65,65,240,505,530,TSMC,NVIDIA,358,74
GeForce 9800 S,GPU,2008-07-15,65,75,240,505,600,TSMC,NVIDIA,636,427
GeForce 9800M GTS,GPU,2008-07-29,65,75,240,505,600,TSMC,NVIDIA,379,135
GeForce 9800M GTS,GPU,2008-08-21,65,75,240,505,600,TSMC,NVIDIA,379,135
GeForce GT 130,GPU,2008-12-12,55,75,196,505,600,TSMC,NVIDIA,347,143
GeForce GT 130,GPU,2009-03-10,55,75,196,505,500,TSMC,NVIDIA,347,143
GeForce GT 230,GPU,2009-10-12,55,75,196,505,650,TSMC,NVIDIA,322,80
GeForce 9600 GSO 512,GPU,2008-10-23,65,90,240,505,650,TSMC,NVIDIA,345,111
GeForce 9600 GT,GPU,2008-02-21,65,95,240,505,600,TSMC,NVIDIA,505,60
GeForce 9600 GT,GPU,2008-12-22,65,95,240,505,600,TSMC,NVIDIA,505,60
GeForce 9600 GT,GPU,2008-02-21,65,95,240,505,650,TSMC,NVIDIA,505,60
GeForce GT 140,GPU,2009-03-10,55,105,196,505,650,TSMC,NVIDIA,658,225
Mobility Radeon HD 550v,GPU,2010-05-05,55,10,146,514,450,TSMC,ATI,266,398
Mobility Radeon HD 560v,GPU,2010-05-05,55,15,146,514,550,TSMC,ATI,318,366
Mobility Radeon HD 565v,GPU,2010-05-05,55,20,146,514,675,TSMC,ATI,353,318
Radeon E4690,GPU,2009-06-01,55,30,146,514,600,TSMC,ATI,405,347
Mobility Radeon HD 4650,GPU,2009-01-09,55,35,146,514,500,TSMC,ATI,401,320
Mobility Radeon HD 4670,GPU,2009-01-09,55,35,146,514,675,TSMC,ATI,463,375
Mobility Radeon HD 4670,GPU,2009-09-16,55,35,146,514,680,TSMC,ATI,463,375
Mobility Radeon HD 5165,GPU,2010-01-07,55,35,146,514,600,TSMC,ATI,284,362
Radeon HD 4650,GPU,2008-09-10,55,48,146,514,600,TSMC,ATI,219,39
FirePro V5700,GPU,2008-08-08,55,56,146,514,700,TSMC,ATI,465,469
Radeon HD 4670,GPU,2009-07-17,55,59,146,514,750,TSMC,ATI,384,50
Radeon HD 4670,GPU,2008-09-10,55,59,146,514,750,TSMC,ATI,384,50
Radeon HD 4670,GPU,2008-09-10,55,118,146,514,750,TSMC,ATI,384,50
GeForce 610M,GPU,2011-12-01,28,12,116,585,625,TSMC,NVIDIA,292,103
GeForce 610M,GPU,2011-12-01,40,12,116,585,672,TSMC,NVIDIA,292,103
GeForce GT 415M,GPU,2010-09-03,40,12,116,585,500,TSMC,NVIDIA,286,221
GeForce GT 520M,GPU,2011-01-05,40,12,116,585,672,TSMC,NVIDIA,288,74
GeForce 705M,GPU,2013-09-27,28,15,116,585,738,TSMC,NVIDIA,456,455
GeForce 710M,GPU,2013-01-09,28,15,116,585,775,TSMC,NVIDIA,450,116
GeForce 800M,GPU,2014-03-17,28,15,116,585,738,TSMC,NVIDIA,468,388
GeForce 810M,GPU,2014-03-24,28,15,116,585,738,TSMC,NVIDIA,402,71
GeForce 820A,GPU,2014-03-17,28,15,116,585,775,TSMC,NVIDIA,568,162
GeForce 820M,GPU,2013-11-27,28,15,116,585,625,TSMC,NVIDIA,511,111
GeForce GT 620M,GPU,2012-08-23,40,15,116,585,660,TSMC,NVIDIA,431,129
GeForce GT 620M,GPU,2012-03-22,28,15,116,585,625,TSMC,NVIDIA,431,129
GeForce GT 625M,GPU,2012-10-01,28,15,116,585,625,TSMC,NVIDIA,435,210
GeForce GT 710M,GPU,2013-01-09,28,15,116,585,775,TSMC,NVIDIA,444,123
GeForce GT 820M,GPU,2013-11-27,28,15,116,585,775,TSMC,NVIDIA,627,153
GeForce GT 420M,GPU,2010-09-03,40,23,116,585,500,TSMC,NVIDIA,418,83
GeForce GT 425M,GPU,2010-09-03,40,23,116,585,560,TSMC,NVIDIA,517,175
GeForce GT 525M,GPU,2011-01-05,40,23,116,585,600,TSMC,NVIDIA,460,95
NVS 5200M,GPU,2012-09-17,40,25,116,585,672,TSMC,NVIDIA,534,193
NVS 5200M,GPU,2012-06-01,28,25,116,585,625,TSMC,NVIDIA,534,193
GeForce GT 520,GPU,2012-02-01,40,29,116,585,700,TSMC,NVIDIA,297,126
GeForce GT 610,GPU,2016-04-02,40,29,116,585,701,TSMC,NVIDIA,303,127
GeForce GT 640M LE,GPU,2012-05-04,40,32,116,585,753,TSMC,NVIDIA,673,166
GeForce 710A,GPU,2013-04-01,28,33,116,585,775,TSMC,NVIDIA,451,258
GeForce 720A,GPU,2014-07-01,28,33,116,585,775,TSMC,NVIDIA,725,690
GeForce GT 630M,GPU,2012-03-22,40,33,116,585,660,TSMC,NVIDIA,549,151
GeForce GT 630M,GPU,2012-03-22,28,33,116,585,800,TSMC,NVIDIA,549,151
GeForce GT 635M,GPU,2012-03-22,40,33,116,585,660,TSMC,NVIDIA,563,173
GeForce GT 720A,GPU,2014-07-01,28,33,116,585,775,TSMC,NVIDIA,601,221
GeForce GT 720M,GPU,2013-04-01,28,33,116,585,625,TSMC,NVIDIA,467,116
GeForce GT 720M,GPU,2013-04-01,28,33,116,585,775,TSMC,NVIDIA,467,116
GeForce GT 435M,GPU,2010-09-03,40,35,116,585,650,TSMC,NVIDIA,521,208
GeForce GT 540M,GPU,2011-01-05,40,35,116,585,672,TSMC,NVIDIA,493,86
GeForce GT 550M,GPU,2011-01-05,40,35,116,585,740,TSMC,NVIDIA,580,126
GeForce GT 555M,GPU,2011-06-15,40,35,116,585,753,TSMC,NVIDIA,688,124
GeForce GT 635M,GPU,2012-03-22,40,35,116,585,660,TSMC,NVIDIA,563,173
NVS 5400M,GPU,2012-06-01,40,35,116,585,660,TSMC,NVIDIA,635,184
Quadro 500M,GPU,2011-02-22,40,35,116,585,700,TSMC,NVIDIA,664,588
Quadro 600,GPU,2010-12-13,40,40,116,585,640,TSMC,NVIDIA,546,225
Quadro 1000M,GPU,2011-01-13,40,45,116,585,700,TSMC,NVIDIA,599,201
GeForce 615,GPU,2012-05-15,40,49,116,585,660,TSMC,NVIDIA,552,412
GeForce GT 430,GPU,2010-10-11,40,49,116,585,700,TSMC,NVIDIA,603,191
GeForce GT 430,GPU,2010-10-11,40,49,116,585,700,TSMC,NVIDIA,603,191
GeForce GT 620,GPU,2012-05-15,40,49,116,585,700,TSMC,NVIDIA,365,162
GeForce GT 730,GPU,2014-06-18,40,49,116,585,700,TSMC,NVIDIA,812,238
GeForce GT 420,GPU,2010-09-03,40,50,116,585,700,TSMC,NVIDIA,411,187
GeForce GT 530,GPU,2011-05-14,40,50,116,585,700,TSMC,NVIDIA,676,227
GeForce GT 440,GPU,2011-02-01,40,65,116,585,810,TSMC,NVIDIA,766,238
GeForce GT 440,GPU,2011-02-09,40,65,116,585,810,TSMC,NVIDIA,766,238
GeForce GT 630,GPU,2012-05-15,40,65,116,585,810,TSMC,NVIDIA,683,208
Mobility Radeon HD 5650,GPU,2010-01-07,40,15,104,627,450,TSMC,ATI,451,143
Radeon HD 5670,GPU,2010-04-22,40,15,104,627,650,TSMC,ATI,784,279
Radeon HD 7470,GPU,2012-01-05,40,18,104,627,775,TSMC,AMD,316,177
Mobility Radeon HD 5570,GPU,2012-11-23,40,20,104,627,550,TSMC,ATI,544,246
Radeon HD 5750,GPU,2010-01-07,40,25,104,627,550,TSMC,ATI,1156,336
Mobility Radeon HD 5730,GPU,2010-01-07,40,26,104,627,650,TSMC,ATI,487,144
Radeon HD 6550A,GPU,2010-11-26,40,26,104,627,600,TSMC,AMD,708,609
Radeon HD 5770,GPU,2010-01-07,40,30,104,627,650,TSMC,ATI,1351,328
Radeon HD 6570,GPU,2010-11-26,40,30,104,627,650,TSMC,AMD,496,193
Radeon HD 6550A,GPU,2011-02-07,40,35,104,627,550,TSMC,AMD,708,609
Radeon HD 5550,GPU,2010-02-09,40,39,104,627,550,TSMC,ATI,383,187
Radeon HD 5570,GPU,2010-02-09,40,39,104,627,625,TSMC,ATI,473,177
Radeon HD 5570,GPU,2010-02-09,40,39,104,627,550,TSMC,ATI,473,177
Radeon HD 5570,GPU,2010-02-09,40,39,104,627,650,TSMC,ATI,473,177
Radeon HD 6490M,GPU,2011-07-04,40,39,104,627,550,TSMC,AMD,378,514
Radeon HD 6610M,GPU,2013-03-20,40,39,104,627,650,TSMC,AMD,565,527
Radeon HD 7570,GPU,2013-03-20,40,39,104,627,650,TSMC,AMD,613,265
Radeon HD 8510G,GPU,2013-04-24,40,39,104,627,650,TSMC,AMD,361,105
FirePro V3800,GPU,2010-04-26,40,43,104,627,650,TSMC,ATI,332,188
Radeon HD 5670,GPU,2010-01-14,40,64,104,627,775,TSMC,ATI,784,279
Mobility Radeon HD 3850,GPU,2008-06-04,55,35,192,666,580,TSMC,ATI,366,248
Mobility Radeon HD 3870,GPU,2008-06-04,55,55,192,666,660,TSMC,ATI,548,288
Mobility Radeon HD 3850,GPU,2008-06-04,55,70,192,666,580,TSMC,ATI,366,248
Radeon HD 3850,GPU,2007-11-19,55,75,192,666,668,TSMC,ATI,410,43
Radeon HD 3850,GPU,2008-01-03,55,75,192,666,668,TSMC,ATI,410,43
FireStream 9170,GPU,2007-11-08,55,105,192,666,800,TSMC,AMD,647,493
Radeon HD 3870,GPU,NaT,55,106,192,666,777,TSMC,ATI,576,82
Radeon HD 3870,GPU,2008-06-12,55,106,192,666,777,TSMC,ATI,576,82
Radeon HD 3870,GPU,2007-11-19,55,106,192,666,777,TSMC,ATI,576,82
Mobility Radeon HD 3870 X2,GPU,2008-09-01,55,110,192,666,660,TSMC,ATI,478,187
Radeon HD 3850 X2,GPU,2008-04-04,55,140,192,666,669,TSMC,ATI,822,422
Radeon HD 3850,GPU,NaT,55,145,192,666,669,TSMC,ATI,410,43
Radeon HD 3870 X2,GPU,2008-01-26,55,165,192,666,825,TSMC,ATI,709,224
Quadro FX 4600,GPU,2007-03-05,90,134,484,681,500,TSMC,NVIDIA,437,202
GeForce 8800 GTS,GPU,2007-02-12,90,143,484,681,513,TSMC,NVIDIA,440,56
GeForce 8800 GTS,GPU,2006-11-08,90,143,484,681,513,TSMC,NVIDIA,440,56
GeForce 8800 GTS,GPU,2007-11-19,90,150,484,681,500,TSMC,NVIDIA,440,56
Quadro FX 4600,GPU,2007-03-05,90,154,484,681,500,TSMC,NVIDIA,437,202
GeForce 8800 GTX,GPU,2006-11-08,90,155,484,681,576,TSMC,NVIDIA,597,105
GeForce 8800 Ultra,GPU,2007-05-02,90,171,484,681,612,TSMC,NVIDIA,639,372
Quadro FX 5600,GPU,2007-03-05,90,171,484,681,600,TSMC,NVIDIA,562,168
Quadro FX 5600,GPU,2007-03-05,90,171,484,681,600,TSMC,NVIDIA,562,168
Radeon R5 M330,GPU,2015-05-05,28,18,56,690,955,TSMC,AMD,596,519
Radeon 520,GPU,2017-04-18,28,50,56,690,1030,TSMC,AMD,833,216
Radeon R5 330,GPU,2015-05-05,28,50,56,690,830,TSMC,AMD,513,200
Radeon R5 435,GPU,2016-06-30,28,50,56,690,1030,TSMC,AMD,841,235
Radeon HD 7500G,GPU,2012-01-07,40,11,104,716,450,TSMC,AMD,330,114
Radeon HD 7570M,GPU,2012-01-07,40,13,104,716,500,TSMC,AMD,445,197
Radeon HD 7550M,GPU,2012-01-07,40,14,104,716,500,TSMC,AMD,465,403
Radeon HD 7550M,GPU,2012-01-07,40,14,104,716,450,TSMC,AMD,465,403
Radeon HD 7610M,GPU,2012-01-07,40,20,104,716,450,TSMC,AMD,632,479
Radeon HD 7650M,GPU,2012-03-28,40,20,104,716,485,TSMC,AMD,451,69
Radeon HD 7650M,GPU,2012-01-07,40,20,104,716,450,TSMC,AMD,451,69
Radeon HD 7670M,GPU,2012-07-01,40,20,104,716,600,TSMC,AMD,485,123
Radeon HD 7670M,GPU,2012-02-17,40,20,104,716,600,TSMC,AMD,485,123
Radeon HD 7690M,GPU,2011-12-25,40,20,104,716,725,TSMC,AMD,1003,576
Radeon HD 7690M,GPU,2012-01-07,40,20,104,716,600,TSMC,AMD,1003,576
Radeon HD 7690M XT,GPU,2012-01-04,40,25,104,716,725,TSMC,AMD,1009,552
Radeon HD 6610M,GPU,2011-01-04,40,26,104,716,450,TSMC,AMD,565,527
Radeon HD 6620G,GPU,2011-01-04,40,26,104,716,450,TSMC,AMD,355,107
Radeon HD 6630M,GPU,2011-01-04,40,26,104,716,500,TSMC,AMD,685,390
Radeon HD 6570,GPU,2011-04-25,40,30,104,716,600,TSMC,AMD,496,193
FirePro M2000,GPU,2012-07-01,40,33,118,716,500,TSMC,AMD,406,206
Radeon HD 7650A,GPU,2012-01-05,40,33,118,716,600,TSMC,AMD,564,311
FirePro M5950,GPU,2011-01-04,40,35,104,716,725,TSMC,AMD,1314,574
Radeon HD 6750M,GPU,2011-01-04,40,35,104,716,600,TSMC,AMD,937,487
Radeon HD 6750M,GPU,2011-04-18,40,35,104,716,598,TSMC,AMD,937,487
Radeon HD 6770M,GPU,2011-01-04,40,35,104,716,725,TSMC,AMD,964,572
Radeon HD 6770M,GPU,2011-01-28,40,35,104,716,725,TSMC,AMD,964,572
Radeon HD 5570,GPU,2011-10-11,40,39,118,716,650,TSMC,ATI,473,177
Radeon HD 6570,GPU,2011-02-07,40,44,118,716,650,TSMC,AMD,496,193
Radeon HD 6570,GPU,2011-02-07,40,44,104,716,650,TSMC,AMD,496,193
Radeon E6760,GPU,2011-05-02,40,45,118,716,600,TSMC,AMD,877,485
Radeon E6760,GPU,2011-05-02,40,45,118,716,600,TSMC,AMD,877,485
Radeon HD 6650A,GPU,2011-04-19,40,45,118,716,600,TSMC,AMD,836,418
Radeon HD 6670,GPU,2011-04-19,40,45,118,716,600,TSMC,AMD,745,236
Radeon HD 7670A,GPU,2012-01-05,40,45,118,716,600,TSMC,AMD,1050,702
FirePro V3900,GPU,2012-02-07,40,50,118,716,650,TSMC,AMD,662,242
Radeon HD 6570,GPU,2011-04-19,40,60,118,716,650,TSMC,AMD,496,193
Radeon HD 7570,GPU,2012-01-05,40,60,118,716,650,TSMC,AMD,613,265
Radeon HD 8570,GPU,2013-07-23,40,60,118,716,650,TSMC,AMD,991,308
Radeon HD 6670,GPU,2011-04-19,40,66,118,716,800,TSMC,AMD,745,236
Radeon HD 7670,GPU,2012-01-05,40,66,118,716,800,TSMC,AMD,813,301
FirePro V4900,GPU,2011-11-01,40,75,118,716,800,TSMC,AMD,974,318
FireGL V7600,GPU,2007-11-06,80,127,420,720,600,TSMC,ATI,616,488
Radeon HD 2900 GT,GPU,2007-11-06,80,150,420,720,601,TSMC,ATI,292,344
FireGL V8600,GPU,2007-05-14,80,159,420,720,688,TSMC,ATI,839,406
Radeon HD 2900 PRO,GPU,2007-12-12,80,200,420,720,600,TSMC,ATI,628,397
Radeon HD 2900 XT,GPU,2007-05-14,80,215,420,720,743,TSMC,ATI,660,397
Radeon HD 2900 XT,GPU,NaT,80,240,420,720,743,TSMC,ATI,660,397
GeForce GT 335M,GPU,2010-01-07,40,28,144,727,450,TSMC,NVIDIA,400,49
GeForce GTS 250M,GPU,2009-06-15,40,28,144,727,500,TSMC,NVIDIA,569,69
GeForce GTS 350M,GPU,2010-01-07,40,28,144,727,500,TSMC,NVIDIA,408,113
GeForce 315,GPU,2011-04-28,40,33,144,727,506,TSMC,NVIDIA,159,66
GeForce GTS 360M,GPU,2010-01-07,40,38,144,727,550,TSMC,NVIDIA,655,71
GeForce GT 320,GPU,2010-02-02,40,43,144,727,540,TSMC,NVIDIA,444,92
Quadro FX 1800M,GPU,2009-06-15,40,45,144,727,561,TSMC,NVIDIA,469,73
GeForce GT 220,GPU,2009-10-12,40,58,144,727,506,TSMC,NVIDIA,211,56
GeForce GT 240,GPU,2009-11-17,40,69,144,727,550,TSMC,NVIDIA,543,78
GeForce GT 340,GPU,2010-02-02,40,69,144,727,550,TSMC,NVIDIA,774,469
GeForce GT 330,GPU,2010-02-02,40,75,144,727,550,TSMC,NVIDIA,422,119
GeForce 8800M GTS,GPU,2007-11-01,65,50,324,754,500,TSMC,NVIDIA,382,159
GeForce 8800M GTX,GPU,2007-11-01,65,65,324,754,500,TSMC,NVIDIA,462,175
GeForce 9800M GT,GPU,2008-07-29,65,65,324,754,500,TSMC,NVIDIA,424,130
GeForce GTX 260M,GPU,2009-03-03,65,65,324,754,550,TSMC,NVIDIA,412,59
Quadro FX 3600M,GPU,2008-02-23,65,70,324,754,500,TSMC,NVIDIA,467,365
Quadro FX 3600M,GPU,2008-02-23,65,70,324,754,500,TSMC,NVIDIA,467,365
GeForce 9800M GTX,GPU,2008-07-15,65,75,324,754,500,TSMC,NVIDIA,462,117
GeForce GT 230,GPU,2009-04-27,55,75,260,754,500,TSMC,NVIDIA,322,80
GeForce GT 330,GPU,2010-02-02,65,75,324,754,500,TSMC,NVIDIA,422,119
GeForce GT 330,GPU,2010-02-02,55,75,260,754,500,TSMC,NVIDIA,422,119
GeForce GTX 280M,GPU,2009-03-03,65,75,324,754,585,TSMC,NVIDIA,621,440
GeForce GTX 285M,GPU,2010-02-01,65,75,324,754,600,TSMC,NVIDIA,676,246
Quadro FX 2800M,GPU,2009-12-01,65,75,324,754,600,TSMC,NVIDIA,433,80
Quadro FX 3700M,GPU,2008-08-14,65,75,324,754,550,TSMC,NVIDIA,467,117
Quadro FX 3700,GPU,2008-01-08,65,78,324,754,500,TSMC,NVIDIA,384,158
GeForce 9600 GSO,GPU,2008-04-28,65,84,324,754,550,TSMC,NVIDIA,350,118
Quadro FX 3800M,GPU,2008-08-14,65,100,324,754,675,TSMC,NVIDIA,628,68
GeForce 8800 GS,GPU,2008-01-31,65,105,324,754,500,TSMC,NVIDIA,332,154
GeForce 8800 GS,GPU,2008-01-31,65,105,324,754,550,TSMC,NVIDIA,332,154
GeForce GTS 240,GPU,2009-07-01,55,120,260,754,675,TSMC,NVIDIA,622,212
GeForce 8800 GT,GPU,2008-02-01,65,125,324,754,600,TSMC,NVIDIA,519,85
GeForce 8800 GT,GPU,2007-10-29,65,125,324,754,600,TSMC,NVIDIA,519,85
GeForce 9800 GT,GPU,2008-07-21,65,125,324,754,725,TSMC,NVIDIA,481,94
GeForce 9800 GT,GPU,2008-07-21,65,125,324,754,600,TSMC,NVIDIA,481,94
GeForce 9800 GT,GPU,2008-07-21,55,125,260,754,600,TSMC,NVIDIA,481,94
GeForce 8800 GTS 512,GPU,2007-12-11,65,135,324,754,650,TSMC,NVIDIA,591,109
GeForce 9600 GT,GPU,2009-05-27,65,140,324,754,580,TSMC,NVIDIA,505,60
GeForce 9800 GTX,GPU,2008-03-28,65,140,324,754,675,TSMC,NVIDIA,769,366
GeForce 9800 GTX,GPU,2009-01-16,55,141,260,754,738,TSMC,NVIDIA,769,366
GeForce GTS 150M,GPU,2009-03-10,65,141,324,754,738,TSMC,NVIDIA,504,407
GeForce GTS 250,GPU,2009-03-04,55,150,260,754,675,TSMC,NVIDIA,618,91
GeForce GTS 250,GPU,2009-03-04,55,150,260,754,702,TSMC,NVIDIA,618,91
GeForce 9800 GX2,GPU,2008-03-18,65,197,324,754,600,TSMC,NVIDIA,798,518
Quadro FX 4700 X2,GPU,2008-04-18,65,226,324,754,600,TSMC,NVIDIA,676,509
FirePro M7740,GPU,2009-08-04,40,60,137,826,650,TSMC,ATI,665,415
Radeon HD 4770,GPU,2009-04-28,40,80,137,826,750,TSMC,ATI,906,172
Radeon R3,GPU,2015-01-28,28,15,107,930,600,GF,AMD,304,97
Radeon R2,GPU,2015-01-28,28,100,107,930,300,GF,AMD,240,68
Radeon R3E,GPU,2015-01-28,28,100,107,930,351,GF,AMD,206,90
FirePro W2100,GPU,2014-08-12,28,26,77,950,630,TSMC,AMD,890,327
Radeon R7 240,GPU,2013-10-08,28,30,77,950,730,TSMC,AMD,863,258
Radeon R7 240,GPU,2013-10-08,28,30,77,950,650,TSMC,AMD,863,258
Radeon R7 M350,GPU,2015-01-01,28,35,77,950,725,TSMC,AMD,1027,230
Radeon HD 8670M,GPU,2013-02-02,28,45,77,950,600,TSMC,AMD,520,488
Radeon HD 8750M,GPU,2013-02-02,28,45,77,950,600,TSMC,AMD,860,212
Radeon R5 240,GPU,2013-11-01,28,50,77,950,730,TSMC,AMD,520,191
Radeon R5 430,GPU,2016-06-30,28,50,77,950,730,TSMC,AMD,939,313
Radeon R5 A240,GPU,2014-01-01,28,50,77,950,730,TSMC,AMD,576,802
Radeon R7 240,GPU,2013-11-01,28,50,77,950,730,TSMC,AMD,863,258
Radeon R7 340,GPU,2015-05-05,28,50,77,950,730,TSMC,AMD,931,357
Radeon R7 430,GPU,2016-06-30,28,50,77,950,920,TSMC,AMD,1110,416
Radeon R7 430,GPU,2016-06-30,28,50,77,950,730,TSMC,AMD,1110,416
Radeon R5 340,GPU,2015-05-05,28,65,77,950,730,TSMC,AMD,996,370
Radeon R5 340,GPU,2015-05-05,28,65,77,950,900,TSMC,AMD,996,370
Radeon R7 + R7 350 Dual,GPU,2015-05-05,28,65,77,950,1000,TSMC,AMD,1982,552
Radeon R7 250,GPU,2013-10-08,28,65,77,950,1000,TSMC,AMD,1151,296
Radeon HD 8670D,GPU,2013-01-08,28,75,77,950,1000,TSMC,AMD,548,189
Radeon HD 4810,GPU,2009-05-28,55,95,256,956,625,TSMC,ATI,769,425
Radeon HD 4830,GPU,2008-10-21,55,95,256,956,575,TSMC,ATI,860,81
Radeon HD 4850,GPU,2008-06-25,55,110,256,956,625,TSMC,ATI,953,110
FireStream 9250,GPU,2008-06-16,55,150,256,956,625,TSMC,AMD,1165,465
Radeon HD 4870,GPU,2009-01-06,55,150,256,956,750,TSMC,ATI,1391,72
Radeon HD 4870,GPU,2008-06-25,55,150,256,956,750,TSMC,ATI,1391,72
FirePro V8700,GPU,2008-09-11,55,151,256,956,750,TSMC,ATI,1539,527
FirePro V8700,GPU,NaT,55,151,256,956,750,TSMC,ATI,1539,527
FireStream 9270,GPU,2008-11-13,55,160,256,956,750,TSMC,AMD,1341,473
Radeon HD 4850 X2,GPU,2008-11-07,55,250,256,956,625,TSMC,ATI,1132,542
Radeon HD 4870 X2,GPU,2008-08-12,55,286,256,956,750,TSMC,ATI,1309,565
Radeon HD 4890,GPU,2009-04-02,55,190,282,959,850,TSMC,ATI,1533,103
GeForce 710A,GPU,2014-03-17,28,15,87,1020,719,TSMC,NVIDIA,451,258
GeForce 710M,GPU,2013-07-24,28,15,87,1020,719,TSMC,NVIDIA,450,116
GeForce 810A,GPU,2014-07-22,28,15,87,1020,719,TSMC,NVIDIA,622,319
GeForce GT 710,GPU,2014-03-27,28,19,87,1020,954,TSMC,NVIDIA,637,214
GeForce GT 720,GPU,2014-09-29,28,19,87,1020,797,TSMC,NVIDIA,606,196
GeForce GT 720,GPU,2014-03-27,28,19,87,1020,967,TSMC,NVIDIA,606,196
GeForce GT 630,GPU,2013-05-29,28,25,87,1020,902,TSMC,NVIDIA,683,208
Quadro K510M,GPU,2013-07-23,28,30,87,1020,889,TSMC,NVIDIA,610,550
Quadro K610M,GPU,2013-07-23,28,30,87,1020,980,TSMC,NVIDIA,708,239
GeForce 825M,GPU,2014-01-27,28,33,87,1020,850,TSMC,NVIDIA,769,293
GeForce 910M,GPU,2015-03-13,28,33,87,1020,641,TSMC,NVIDIA,578,150
GeForce 920A,GPU,2015-03-13,28,33,87,1020,954,TSMC,NVIDIA,872,242
GeForce 920M,GPU,2015-03-13,28,33,87,1020,954,TSMC,NVIDIA,723,119
GeForce GT 720M,GPU,2013-12-25,28,33,87,1020,719,TSMC,NVIDIA,467,116
GeForce GT 730A,GPU,2014-07-01,28,33,87,1020,719,TSMC,NVIDIA,743,714
GeForce GT 730M,GPU,2014-03-06,28,33,87,1020,719,TSMC,NVIDIA,816,173
GeForce GT 735M,GPU,2013-04-01,28,33,87,1020,575,TSMC,NVIDIA,594,131
GeForce GT 740A,GPU,2013-08-26,28,33,87,1020,980,TSMC,NVIDIA,702,393
GeForce GT 740M,GPU,2013-06-20,28,33,87,1020,980,TSMC,NVIDIA,779,143
GeForce GT 635,GPU,2013-10-01,28,35,87,1020,967,TSMC,NVIDIA,852,242
GeForce GT 730,GPU,2014-06-18,28,38,87,1020,902,TSMC,NVIDIA,812,238
GeForce GT 640,GPU,2013-05-29,28,49,87,1020,1046,TSMC,NVIDIA,1182,285
Radeon HD 5830,GPU,2010-01-07,40,24,166,1040,500,TSMC,ATI,1735,382
Mobility Radeon HD 5850,GPU,2010-01-07,40,30,166,1040,500,TSMC,ATI,763,403
Mobility Radeon HD 5850,GPU,2010-01-07,40,30,166,1040,628,TSMC,ATI,763,403
Mobility Radeon HD 5870,GPU,2010-01-07,40,50,166,1040,700,TSMC,ATI,1062,207
Radeon HD 6870,GPU,2011-01-04,40,50,166,1040,675,TSMC,AMD,2223,397
Radeon HD 5670,GPU,2010-07-18,40,64,166,1040,750,TSMC,ATI,784,279
FirePro V5800,GPU,2010-04-26,40,74,166,1040,690,TSMC,ATI,1186,339
Radeon HD 5750,GPU,2009-10-13,40,86,166,1040,700,TSMC,ATI,1156,336
Radeon HD 6750,GPU,2011-01-21,40,86,166,1040,700,TSMC,AMD,1005,304
Radeon HD 6770,GPU,2013-04-19,40,86,166,1040,700,TSMC,AMD,1231,313
Radeon HD 5770,GPU,2009-10-13,40,108,166,1040,850,TSMC,ATI,1351,328
Radeon HD 5770,GPU,2010-07-04,40,108,166,1040,850,TSMC,ATI,1351,328
Radeon HD 6770,GPU,2011-01-21,40,108,166,1040,850,TSMC,AMD,1231,313
GeForce GT 435M,GPU,2011-01-15,40,35,238,1170,590,TSMC,NVIDIA,521,208
GeForce GT 445M,GPU,2010-09-03,40,35,238,1170,570,TSMC,NVIDIA,881,250
GeForce GT 445M,GPU,2010-09-03,40,35,238,1170,590,TSMC,NVIDIA,881,250
GeForce GT 555M,GPU,2012-03-26,40,35,238,1170,675,TSMC,NVIDIA,688,124
GeForce GT 555M,GPU,2011-07-02,40,35,238,1170,590,TSMC,NVIDIA,688,124
GeForce GT 555M,GPU,2011-10-27,40,35,238,1170,525,TSMC,NVIDIA,688,124
GeForce GT 555M,GPU,2011-03-24,40,35,238,1170,590,TSMC,NVIDIA,688,124
GeForce GT 635M,GPU,2012-03-22,40,35,238,1170,675,TSMC,NVIDIA,563,173
GeForce GT 635M,GPU,2012-03-22,40,35,238,1170,650,TSMC,NVIDIA,563,173
GeForce GTX 460M,GPU,2010-09-03,40,50,238,1170,675,TSMC,NVIDIA,1198,246
Quadro 2000M,GPU,2011-01-13,40,55,238,1170,550,TSMC,NVIDIA,773,249
Quadro 2000,GPU,2010-12-24,40,62,238,1170,625,TSMC,NVIDIA,942,294
Quadro 2000D,GPU,2011-10-05,40,62,238,1170,625,TSMC,NVIDIA,989,324
GeForce GT 440,GPU,2010-10-11,40,65,238,1170,810,TSMC,NVIDIA,766,238
GeForce GT 545,GPU,2011-05-14,40,70,238,1170,720,TSMC,NVIDIA,1096,342
GeForce GT 640,GPU,2012-04-24,40,75,238,1170,720,TSMC,NVIDIA,1182,285
GeForce GTX 560M,GPU,2011-05-30,40,75,238,1170,775,TSMC,NVIDIA,1266,243
GeForce GT 545,GPU,2011-05-14,40,105,238,1170,871,TSMC,NVIDIA,1096,342
GeForce GTS 450,GPU,2010-09-13,40,106,238,1170,783,TSMC,NVIDIA,1321,303
GeForce GTS 450,GPU,2012-07-11,40,106,238,1170,783,TSMC,NVIDIA,1321,303
GeForce GTS 450,GPU,2010-09-13,40,106,238,1170,783,TSMC,NVIDIA,1321,303
GeForce GTS 450,GPU,2011-03-15,40,106,238,1170,783,TSMC,NVIDIA,1321,303
GeForce GTS 450,GPU,2010-10-11,40,106,238,1170,790,TSMC,NVIDIA,1321,303
GeForce GTX 550 Ti,GPU,2011-03-15,40,116,238,1170,900,TSMC,NVIDIA,1557,363
Radeon HD 8180,GPU,NaT,28,4,110,1178,225,TSMC,AMD,152,55
Radeon HD 8210,GPU,2014-01-31,28,8,110,1178,300,TSMC,AMD,191,50
Radeon HD 8250,GPU,2013-05-23,28,8,110,1178,300,TSMC,AMD,208,63
Radeon HD 8210E,GPU,2013-04-23,28,9,110,1178,300,TSMC,AMD,194,202
Radeon HD 8240,GPU,2013-11-01,28,15,110,1178,400,TSMC,AMD,241,62
Radeon HD 8280,GPU,2013-09-18,28,15,110,1178,450,TSMC,AMD,319,141
Radeon HD 8280E,GPU,2013-04-23,28,15,110,1178,450,TSMC,AMD,241,82
Radeon HD 8330,GPU,2013-08-13,28,15,110,1178,497,TSMC,AMD,252,68
Radeon HD 8330E,GPU,2013-04-23,28,15,110,1178,497,TSMC,AMD,242,95
Radeon HD 8400,GPU,2013-11-23,28,25,110,1178,600,TSMC,AMD,258,78
Radeon HD 8400E,GPU,2013-04-23,28,25,110,1178,600,TSMC,AMD,273,123
Radeon HD 6380G,GPU,2011-06-14,32,35,227,1178,400,TSMC,AMD,204,97
Radeon HD 6480G,GPU,2011-06-14,32,35,227,1178,593,TSMC,AMD,259,78
Radeon HD 6480G,GPU,2011-06-14,32,35,227,1178,444,TSMC,AMD,259,78
Radeon HD 6520G,GPU,2011-12-07,32,35,227,1178,400,TSMC,AMD,300,84
Radeon HD 6620G,GPU,2011-12-07,32,35,227,1178,444,TSMC,AMD,355,107
Radeon HD 6370D,GPU,2011-11-01,32,65,227,1178,444,TSMC,AMD,254,147
Radeon HD 6410D,GPU,2011-06-20,32,65,227,1178,444,TSMC,AMD,243,120
Radeon HD 6530D,GPU,2011-06-20,32,65,227,1178,444,TSMC,AMD,325,138
Radeon HD 6550D,GPU,2011-06-20,32,65,227,1178,600,TSMC,AMD,417,149
Radeon R2,GPU,2016-06-01,28,15,125,1200,200,GF,AMD,240,68
Radeon R3,GPU,2016-06-01,28,15,125,1200,200,GF,AMD,304,97
Radeon R4,GPU,2016-06-01,28,15,125,1200,200,GF,AMD,332,101
Radeon R6,GPU,2015-11-07,28,15,125,1200,200,GF,AMD,656,147
Intel HD 4000,GPU,2012-05-14,22,45,133,1200,650,Intel,Intel,333,187
Intel HD P4000,GPU,2012-05-14,22,45,133,1200,650,Intel,Intel,516,636
GeForce GT 640M LE,GPU,2012-03-22,28,20,118,1270,500,TSMC,NVIDIA,673,166
GeForce GT 640M,GPU,2012-03-22,28,32,118,1270,625,TSMC,NVIDIA,907,183
GeForce GT 640M,GPU,2013-02-03,28,32,118,1270,745,TSMC,NVIDIA,907,183
GeForce GT 645M,GPU,2012-10-01,28,32,118,1270,709,TSMC,NVIDIA,958,170
GeForce GT 730M,GPU,2013-01-20,28,33,118,1270,725,TSMC,NVIDIA,816,173
GeForce GT 745A,GPU,2013-08-26,28,33,118,1270,837,TSMC,NVIDIA,1144,748
NVS 510,GPU,2012-10-23,28,35,118,1270,797,TSMC,NVIDIA,730,276
Quadro K500M,GPU,2012-06-01,28,35,118,1270,850,TSMC,NVIDIA,480,184
Quadro 410,GPU,2012-08-07,28,38,118,1270,706,TSMC,NVIDIA,436,218
Quadro K420,GPU,2014-07-22,28,41,118,1270,876,TSMC,NVIDIA,775,280
Quadro K600,GPU,2013-03-01,28,41,118,1270,876,TSMC,NVIDIA,769,263
GeForce 710A,GPU,2015-03-21,28,45,118,1270,810,TSMC,NVIDIA,451,258
GeForce 810M,GPU,2015-03-21,28,45,118,1270,835,TSMC,NVIDIA,402,71
GeForce 820M,GPU,2015-03-21,28,45,118,1270,810,TSMC,NVIDIA,511,111
GeForce GT 650M,GPU,2012-07-12,28,45,118,1270,900,TSMC,NVIDIA,1199,233
GeForce GT 650M,GPU,2012-03-22,28,45,118,1270,835,TSMC,NVIDIA,1199,233
GeForce GT 740M,GPU,2013-04-01,28,45,118,1270,810,TSMC,NVIDIA,779,143
GeForce GT 745M,GPU,2013-04-01,28,45,118,1270,837,TSMC,NVIDIA,1055,172
GeForce GT 745M,GPU,2013-04-01,28,45,118,1270,549,TSMC,NVIDIA,1055,172
Quadro K1000M,GPU,2012-06-01,28,45,118,1270,850,TSMC,NVIDIA,773,244
Quadro K1100M,GPU,2013-07-23,28,45,118,1270,706,TSMC,NVIDIA,1082,250
GeForce GT 630,GPU,2012-04-24,28,50,118,1270,875,TSMC,NVIDIA,683,208
GeForce GT 640,GPU,2012-04-24,28,50,118,1270,797,TSMC,NVIDIA,1182,285
GeForce GT 720,GPU,2017-10-29,28,50,118,1270,993,TSMC,NVIDIA,606,196
GeForce GT 750M,GPU,2013-01-09,28,50,118,1270,941,TSMC,NVIDIA,1313,239
GeForce GT 750M,GPU,2013-11-08,28,50,118,1270,926,TSMC,NVIDIA,1313,239
GeForce GT 755M,GPU,2013-06-25,28,50,118,1270,980,TSMC,NVIDIA,1610,306
GeForce GTX 660M,GPU,2013-04-01,28,50,118,1270,950,TSMC,NVIDIA,1414,271
GeForce GTX 660M,GPU,2012-03-22,28,50,118,1270,835,TSMC,NVIDIA,1414,271
Quadro K2000,GPU,2013-03-01,28,51,118,1270,954,TSMC,NVIDIA,1567,371
Quadro K2000D,GPU,2013-03-01,28,51,118,1270,954,TSMC,NVIDIA,1614,396
Quadro K2000M,GPU,2012-06-01,28,55,118,1270,745,TSMC,NVIDIA,1027,256
GeForce GT 730,GPU,2015-04-09,28,64,118,1270,902,TSMC,NVIDIA,812,238
GeForce GT 740,GPU,2014-05-29,28,64,118,1270,993,TSMC,NVIDIA,1529,344
GeForce GT 1030,GPU,2018-09-30,28,65,118,1270,1058,TSMC,NVIDIA,2545,449
GeForce GT 640,GPU,2012-06-05,28,65,118,1270,902,TSMC,NVIDIA,1182,285
GeForce GTX 650,GPU,2012-09-06,28,65,118,1270,1058,TSMC,NVIDIA,1769,346
GRID K1,GPU,2013-03-18,28,130,118,1270,850,TSMC,NVIDIA,811,463
GRID K120Q,GPU,2014-07-02,28,130,118,1270,850,TSMC,NVIDIA,293,278
GRID K140Q,GPU,2013-06-28,28,130,118,1270,850,TSMC,NVIDIA,728,457
GRID K160Q,GPU,2013-06-28,28,130,118,1270,850,TSMC,NVIDIA,628,262
GRID K180Q,GPU,2013-06-28,28,130,118,1270,850,TSMC,NVIDIA,534,113
Intel HD 5000,GPU,2013-05-27,22,30,181,1300,200,Intel,Intel,563,231
Intel Iris 5100,GPU,2013-05-27,22,30,181,1300,200,Intel,Intel,758,277
Radeon HD 7400G,GPU,2012-10-02,32,17,246,1303,327,TSMC,AMD,267,109
Radeon HD 7500G,GPU,2012-05-15,32,17,246,1303,327,TSMC,AMD,330,114
Radeon HD 7600G,GPU,2012-09-01,32,19,246,1303,320,TSMC,AMD,320,99
Radeon HD 8310E,GPU,NaT,32,20,246,1303,424,TSMC,AMD,341,187
Radeon HD 7620G,GPU,2012-05-15,32,25,246,1303,360,TSMC,AMD,366,113
Radeon HD 7420G,GPU,2012-06-06,32,35,246,1303,480,TSMC,AMD,311,121
Radeon HD 7520G,GPU,2012-06-06,32,35,246,1303,496,TSMC,AMD,312,111
Radeon HD 7560D,GPU,2012-05-15,32,35,246,1303,496,TSMC,AMD,472,168
Radeon HD 7640G,GPU,2012-05-15,32,35,246,1303,496,TSMC,AMD,448,122
Radeon HD 7660G,GPU,2012-05-15,32,35,246,1303,686,TSMC,AMD,476,129
Radeon HD 8350G,GPU,2013-03-12,32,35,246,1303,514,TSMC,AMD,443,332
Radeon HD 8410G,GPU,2013-05-23,32,35,246,1303,450,TSMC,AMD,435,263
Radeon HD 8450G,GPU,2013-05-23,32,35,246,1303,533,TSMC,AMD,361,148
Radeon HD 8510G,GPU,2013-05-23,32,35,246,1303,554,TSMC,AMD,361,105
Radeon HD 8550G,GPU,2013-05-23,32,35,246,1303,515,TSMC,AMD,403,116
Radeon HD 8610G,GPU,2013-05-23,32,35,246,1303,533,TSMC,AMD,414,121
Radeon HD 8650G,GPU,2013-05-23,32,35,246,1303,533,TSMC,AMD,479,135
Radeon HD 7480D,GPU,2012-10-02,32,65,246,1303,720,TSMC,AMD,285,117
Radeon HD 7540D,GPU,2012-10-02,32,65,246,1303,760,TSMC,AMD,336,125
Radeon HD 7560D,GPU,2012-10-02,32,65,246,1303,760,TSMC,AMD,472,168
Radeon HD 8370D,GPU,NaT,32,65,246,1303,760,TSMC,AMD,311,151
Radeon HD 8470D,GPU,2013-07-29,32,65,246,1303,800,TSMC,AMD,362,145
Radeon HD 8550D,GPU,2013-05-23,32,65,246,1303,720,TSMC,AMD,685,357
Radeon HD 8570D,GPU,2013-07-10,32,65,246,1303,800,TSMC,AMD,434,154
Radeon HD 8650D,GPU,2013-12-28,32,65,246,1303,720,TSMC,AMD,526,398
Radeon HD 7660D,GPU,2012-10-02,32,100,246,1303,760,TSMC,AMD,504,182
Radeon HD 8670D,GPU,2013-03-12,32,100,246,1303,844,TSMC,AMD,548,189
Quadro FX 3800,GPU,2009-03-30,55,108,470,1400,600,TSMC,NVIDIA,780,100
Quadro CX,GPU,2008-11-11,55,150,470,1400,602,TSMC,NVIDIA,947,454
Quadro FX 4800,GPU,2008-11-11,55,150,470,1400,602,TSMC,NVIDIA,979,106
GeForce GTX 260,GPU,2008-11-27,55,171,470,1400,576,TSMC,NVIDIA,1221,88
GeForce GTX 260,GPU,2008-07-23,55,182,470,1400,576,TSMC,NVIDIA,1221,88
GeForce GTX 260,GPU,2008-09-16,65,182,576,1400,576,TSMC,NVIDIA,1221,88
GeForce GTX 260,GPU,2009-12-08,55,182,470,1400,518,TSMC,NVIDIA,1221,88
GeForce GTX 260,GPU,2008-06-16,65,182,576,1400,576,TSMC,NVIDIA,1221,88
Tesla T10,GPU,2009-04-09,55,188,470,1400,610,TSMC,NVIDIA,13264,624
Quadro FX 5800,GPU,2008-11-11,55,189,470,1400,610,TSMC,NVIDIA,1248,134
GeForce GTX 285,GPU,2009-01-15,55,204,470,1400,648,TSMC,NVIDIA,1550,117
GeForce GTX 285,GPU,2008-12-23,55,204,470,1400,648,TSMC,NVIDIA,1550,117
GeForce GTX 275,GPU,2010-02-16,,219,470,1400,633,TSMC,NVIDIA,1401,106
GeForce GTX 275,GPU,2009-01-15,55,219,470,1400,633,TSMC,NVIDIA,1401,106
GeForce GTX 280,GPU,2008-06-16,65,236,576,1400,602,TSMC,NVIDIA,1181,121
GeForce GTX 295,GPU,2009-01-08,,289,470,1400,576,TSMC,NVIDIA,1171,150
Radeon HD 7730M,GPU,2012-04-24,28,25,123,1500,575,TSMC,AMD,634,218
Radeon HD 7750M,GPU,2012-04-24,28,28,123,1500,575,TSMC,AMD,1191,693
Radeon HD 7770,GPU,2012-04-24,28,32,123,1500,675,TSMC,AMD,2204,471
FirePro M4000,GPU,2012-06-27,28,33,123,1500,675,TSMC,AMD,1597,410
Radeon E8860,GPU,2014-01-25,28,37,123,1500,575,TSMC,AMD,1626,528
Radeon HD 7850M,GPU,2012-04-24,28,40,123,1500,675,TSMC,AMD,1373,566
FirePro M6000,GPU,2012-07-01,28,43,123,1500,800,TSMC,AMD,1820,776
Radeon HD 7870M,GPU,2012-04-24,28,45,123,1500,800,TSMC,AMD,1507,556
Radeon HD 7730,GPU,2013-05-01,28,47,123,1500,800,TSMC,AMD,1217,402
FirePro W4100,GPU,2014-08-13,28,50,123,1500,630,TSMC,AMD,1541,535
Radeon HD 7750,GPU,2012-02-15,28,55,123,1500,800,TSMC,AMD,1696,398
Radeon R7 250,GPU,2013-10-08,28,55,123,1500,925,TSMC,AMD,1151,296
Radeon R7 250,GPU,2013-10-08,28,55,123,1500,700,TSMC,AMD,1151,296
Radeon R7 250,GPU,2013-12-20,28,55,123,1500,800,TSMC,AMD,1151,296
Radeon R7 450,GPU,2016-06-30,28,65,123,1500,925,TSMC,AMD,1966,573
Radeon R9 255,GPU,2013-12-21,28,65,123,1500,900,TSMC,AMD,1485,395
FirePro W600,GPU,2012-06-13,28,75,123,1500,750,TSMC,AMD,1752,631
Radeon HD 7770,GPU,2012-02-15,28,80,123,1500,1000,TSMC,AMD,2204,471
Radeon R7 250,GPU,2014-08-21,28,80,123,1500,860,TSMC,AMD,1151,296
Radeon R7 250X,GPU,2014-02-13,28,80,123,1500,950,TSMC,AMD,2269,637
Radeon 530,GPU,2017-04-18,28,50,125,1550,730,TSMC,AMD,945,181
Radeon 535,GPU,2017-04-18,28,50,125,1550,730,TSMC,AMD,1048,203
Radeon 625,GPU,2019-05-13,28,50,125,1550,730,TSMC,AMD,1150,210
Radeon HD 6950,GPU,2011-01-04,40,50,212,1700,580,TSMC,AMD,2650,421
Radeon HD 6970M,GPU,2011-01-04,40,75,212,1700,680,TSMC,AMD,2270,656
Radeon HD 6970M,GPU,2011-08-25,40,75,212,1700,680,TSMC,AMD,2270,656
Radeon HD 6990,GPU,2011-07-12,40,100,212,1700,715,TSMC,AMD,3013,630
Radeon HD 6850,GPU,2010-10-21,40,127,255,1700,775,TSMC,AMD,1979,425
Radeon HD 6790,GPU,2011-04-04,40,150,255,1700,840,TSMC,AMD,1613,370
Radeon HD 6870,GPU,2010-10-21,40,151,255,1700,900,TSMC,AMD,2223,397
Radeon HD 6850 X2,GPU,2011-09-19,40,254,255,1700,800,TSMC,AMD,2534,373
Radeon HD 6870,GPU,2011-07-08,40,300,255,1700,900,TSMC,AMD,2223,397
GeForce MX150,GPU,2017-05-17,14,10,74,1800,937,Samsung,NVIDIA,2310,218
GeForce MX230,GPU,2019-02-21,14,10,74,1800,1519,Samsung,NVIDIA,1884,219
GeForce MX250,GPU,NaT,14,10,74,1800,937,Samsung,NVIDIA,2515,250
GeForce MX330,GPU,2020-02-10,14,10,74,1800,1531,Samsung,NVIDIA,2547,234
Quadro P500,GPU,2018-01-05,14,18,74,1800,1455,Samsung,NVIDIA,1508,247
GeForce GT 1030,GPU,2018-03-12,14,20,74,1800,1152,Samsung,NVIDIA,2545,449
GeForce MX150,GPU,2017-05-17,14,25,74,1800,1469,Samsung,NVIDIA,2310,218
GeForce MX250,GPU,2019-02-21,14,25,74,1800,1519,Samsung,NVIDIA,2515,250
GeForce GT 1030,GPU,2017-05-17,14,30,74,1800,1228,Samsung,NVIDIA,2545,449
GeForce 940MX,GPU,2016-06-28,28,23,148,1870,795,TSMC,NVIDIA,1503,171
Quadro M600M,GPU,2015-08-18,28,30,148,1870,837,TSMC,NVIDIA,2008,446
Quadro M620,GPU,2017-01-11,28,30,148,1870,756,TSMC,NVIDIA,2845,422
Quadro M1000M,GPU,2015-08-18,28,40,148,1870,993,TSMC,NVIDIA,2987,335
GeForce 845M,GPU,2015-02-07,28,45,148,1870,863,TSMC,NVIDIA,1430,233
GeForce GTX 850A,GPU,2014-03-17,28,45,148,1870,902,TSMC,NVIDIA,1050,551
GeForce GTX 850M,GPU,2014-03-12,28,45,148,1870,902,TSMC,NVIDIA,2574,224
Quadro K1200,GPU,2015-01-28,28,45,148,1870,1058,TSMC,NVIDIA,2874,575
Quadro K620,GPU,2014-07-22,28,45,148,1870,1058,TSMC,NVIDIA,2246,472
Quadro M1200,GPU,2017-01-11,28,45,148,1870,991,TSMC,NVIDIA,3342,311
GeForce GTX 745,GPU,2014-02-18,28,55,148,1870,1033,TSMC,NVIDIA,2175,469
GeForce GTX 750,GPU,2014-02-18,28,55,148,1870,1020,TSMC,NVIDIA,3399,480
Quadro M2000M,GPU,2015-12-03,28,55,148,1870,1029,TSMC,NVIDIA,3539,342
GeForce GTX 750 Ti,GPU,2014-02-18,28,60,148,1870,1020,TSMC,NVIDIA,3919,498
Quadro K2200M,GPU,2014-07-19,28,65,148,1870,667,TSMC,NVIDIA,3877,432
NVS 810,GPU,2015-11-04,28,68,148,1870,902,TSMC,NVIDIA,1141,313
Quadro K2200,GPU,2014-07-22,28,68,148,1870,1046,TSMC,NVIDIA,3541,534
GeForce 940M,GPU,2015-03-13,28,75,148,1870,1020,TSMC,NVIDIA,1106,154
GeForce 945M,GPU,2015-10-27,28,75,148,1870,928,TSMC,NVIDIA,1945,256
GeForce GTX 860M,GPU,2015-02-05,28,75,148,1870,1020,TSMC,NVIDIA,3045,226
GeForce GTX 860M,GPU,2014-01-13,28,75,148,1870,1020,TSMC,NVIDIA,3045,226
GeForce GTX 950A,GPU,2015-03-13,28,75,148,1870,993,TSMC,NVIDIA,2483,282
GeForce GTX 950M,GPU,2015-03-13,28,75,148,1870,993,TSMC,NVIDIA,2602,219
GeForce GTX 960A,GPU,2015-03-13,28,75,148,1870,1029,TSMC,NVIDIA,2411,631
GeForce GTX 960M,GPU,2015-03-13,28,75,148,1870,1097,TSMC,NVIDIA,3419,245
GRID M10-8Q,GPU,2016-05-18,28,225,148,1870,1033,TSMC,NVIDIA,2606,557
Tesla M10,GPU,2016-05-18,28,225,148,1870,1033,TSMC,NVIDIA,3490,522
GeForce GTX 470M,GPU,2010-09-03,40,75,332,1950,535,TSMC,NVIDIA,1953,413
GeForce GTX 570M,GPU,2011-06-28,40,75,332,1950,575,TSMC,NVIDIA,1910,350
GeForce GTX 670M,GPU,2012-03-22,40,75,332,1950,598,TSMC,NVIDIA,1775,321
Quadro 3000M,GPU,2011-02-22,40,75,332,1950,450,TSMC,NVIDIA,1024,323
GeForce GTX 485M,GPU,2011-01-05,40,100,332,1950,575,TSMC,NVIDIA,2360,479
GeForce GTX 580M,GPU,2011-06-28,40,100,332,1950,620,TSMC,NVIDIA,2373,455
GeForce GTX 675M,GPU,2012-03-22,40,100,332,1950,620,TSMC,NVIDIA,1934,326
Quadro 4000M,GPU,2011-02-22,40,100,332,1950,475,TSMC,NVIDIA,1307,256
GeForce GT 645,GPU,2012-04-24,40,102,332,1950,776,TSMC,NVIDIA,2006,443
GeForce GTX 460,GPU,2010-10-11,40,150,332,1950,650,TSMC,NVIDIA,2289,381
GeForce GTX 460 SE,GPU,2010-11-15,40,150,332,1950,650,TSMC,NVIDIA,1974,359
GeForce GTX 555,GPU,2011-05-14,40,150,332,1950,736,TSMC,NVIDIA,1807,485
GeForce GTX 560,GPU,2011-05-17,40,150,332,1950,810,TSMC,NVIDIA,2711,418
GeForce GTX 560 SE,GPU,2012-02-20,40,150,332,1950,736,TSMC,NVIDIA,2087,413
GeForce GTX 460,GPU,2010-07-12,40,160,332,1950,675,TSMC,NVIDIA,2289,381
GeForce GTX 460,GPU,2011-03-11,40,160,332,1950,701,TSMC,NVIDIA,2289,381
GeForce GTX 460,GPU,2011-09-24,40,160,332,1950,779,TSMC,NVIDIA,2289,381
GeForce GTX 460 v2,GPU,2011-09-24,40,160,332,1950,779,TSMC,NVIDIA,2005,459
GeForce GTX 560 Ti,GPU,2011-01-25,40,170,332,1950,850,TSMC,NVIDIA,3056,416
GeForce GTX 560 Ti,GPU,2011-01-25,40,170,332,1950,823,TSMC,NVIDIA,3056,416
GeForce GTX 560 Ti,GPU,2011-03-08,40,170,332,1950,823,TSMC,NVIDIA,3056,416
FirePro W4300,GPU,2015-12-01,28,50,160,2080,930,TSMC,AMD,2863,771
FirePro W5100,GPU,2014-03-31,28,50,160,2080,930,TSMC,AMD,2957,541
Radeon E8870,GPU,2015-09-29,28,75,160,2080,1000,TSMC,AMD,3368,708
Radeon R7 360,GPU,2015-12-30,28,75,160,2080,1050,TSMC,AMD,3034,495
Radeon HD 7790,GPU,2013-03-22,28,85,160,2080,1000,TSMC,AMD,3090,459
Radeon R7 360,GPU,2015-06-18,28,85,160,2080,1100,TSMC,AMD,3034,495
Radeon R9 260,GPU,2013-12-21,28,85,160,2080,1100,TSMC,AMD,3018,643
Radeon R9 360,GPU,2015-05-05,28,85,160,2080,1000,TSMC,AMD,3032,460
Radeon R7 260,GPU,2013-12-17,28,95,160,2080,1000,TSMC,AMD,2892,559
Radeon HD 8950,GPU,2013-05-14,28,100,160,2080,1075,TSMC,AMD,2267,423
Radeon R7 360,GPU,2015-06-18,28,100,160,2080,1000,TSMC,AMD,3034,495
Radeon R7 260X,GPU,2013-10-08,28,115,160,2080,1100,TSMC,AMD,3147,506
Radeon HD 6550D,GPU,2010-11-26,40,26,334,2154,600,TSMC,AMD,417,149
FirePro V7800,GPU,2010-04-26,40,150,334,2154,700,TSMC,ATI,2034,290
Radeon HD 5850,GPU,2009-09-30,40,151,334,2154,725,TSMC,ATI,1966,404
Radeon HD 6850,GPU,2012-08-21,40,151,334,2154,725,TSMC,AMD,1979,425
Radeon HD 5830,GPU,2010-02-25,40,175,334,2154,800,TSMC,ATI,1735,382
Radeon HD 6870,GPU,2013-01-14,40,175,334,2154,850,TSMC,AMD,2223,397
Radeon HD 5870,GPU,2009-09-23,40,188,334,2154,850,TSMC,ATI,2266,410
FirePro V8800,GPU,2010-04-07,40,208,334,2154,825,TSMC,ATI,2223,471
FireStream 9370,GPU,2010-06-23,40,225,334,2154,825,TSMC,AMD,2528,763
Radeon HD 5870,GPU,2010-06-30,40,228,334,2154,850,TSMC,ATI,2266,410
Radeon HD 5870,GPU,2010-03-11,40,228,334,2154,850,TSMC,ATI,2266,410
FirePro V9800,GPU,2010-09-09,40,250,334,2154,850,TSMC,ATI,2727,655
Radeon HD 5970,GPU,2009-11-18,40,294,334,2154,725,TSMC,ATI,2249,393
Embedded Radeon E9173,GPU,2017-10-03,14,35,103,2200,1124,GF,AMD,1798,368
Embedded Radeon E9173,GPU,2017-10-03,14,35,103,2200,1124,GF,AMD,1798,368
Radeon Pro WX 2100,GPU,2017-06-04,14,35,103,2200,925,GF,AMD,1755,398
Embedded Radeon E9173,GPU,2017-10-03,14,40,103,2200,1124,GF,AMD,1798,368
Radeon 540X,GPU,2018-09-05,14,50,103,2200,980,GF,AMD,1398,264
Radeon 550,GPU,2017-04-20,14,50,103,2200,1100,GF,AMD,1959,501
Radeon 550X,GPU,2018-04-11,14,50,103,2200,1100,GF,AMD,1430,273
Radeon 550X,GPU,2018-04-11,14,50,103,2200,1019,GF,AMD,1430,273
Radeon 550X,GPU,2019-03-27,14,50,103,2200,1082,GF,AMD,1430,273
Radeon 630,GPU,2019-05-13,14,50,103,2200,1082,GF,AMD,1245,223
Radeon RX 540,GPU,2017-11-11,14,50,103,2200,1124,GF,AMD,1793,399
Radeon RX 550,GPU,2017-04-20,14,50,103,2200,1100,GF,AMD,2718,484
Radeon RX 550,GPU,2017-07-02,14,50,103,2200,1100,GF,AMD,2718,484
Radeon RX 550X,GPU,2018-12-16,14,50,103,2200,1100,GF,AMD,2370,508
Radeon RX 550X,GPU,2018-04-11,14,50,103,2200,1100,GF,AMD,2370,508
Radeon RX 640,GPU,2019-05-13,14,50,103,2200,1082,GF,AMD,1537,277
RadeonT 540X,GPU,2019-02-11,14,50,103,2200,980,GF,AMD,1804,436
Radeon Pro WX 3100,GPU,2017-06-12,14,65,103,2200,925,GF,AMD,2627,491
Radeon Pro WX 3200,GPU,2019-07-02,14,65,103,2200,1082,GF,AMD,2456,478
Radeon Pro WX 3200,GPU,2019-07-02,14,65,103,2200,1295,GF,AMD,2456,478
Radeon R4,GPU,2014-09-17,28,17,245,2410,533,GF,AMD,332,101
Radeon R7 G,GPU,2014-02-17,28,90,245,2410,720,GF,AMD,870,532
GeForce GTX 760A,GPU,2014-03-17,28,55,221,2540,628,TSMC,NVIDIA,1060,476
GeForce GTX 760M,GPU,2013-05-30,28,55,221,2540,628,TSMC,NVIDIA,1691,240
Quadro K2100M,GPU,2013-07-23,28,55,221,2540,667,TSMC,NVIDIA,1348,281
GeForce GT 740,GPU,2015-04-14,28,65,221,2540,1050,TSMC,NVIDIA,1529,344
GeForce GT 740,GPU,2015-04-14,28,65,221,2540,1006,TSMC,NVIDIA,1529,344
GeForce GTX 645,GPU,2013-04-22,28,65,221,2540,824,TSMC,NVIDIA,1858,432
GeForce GTX 650,GPU,2013-11-27,28,65,221,2540,1058,TSMC,NVIDIA,1769,346
GeForce GTX 765M,GPU,2013-05-30,28,75,221,2540,797,TSMC,NVIDIA,1972,277
GeForce GTX 770M,GPU,2013-05-30,28,75,221,2540,706,TSMC,NVIDIA,2786,327
Quadro K4000,GPU,2013-03-01,28,80,221,2540,810,TSMC,NVIDIA,2700,419
GeForce GTX 650 Ti,GPU,2013-03-31,28,110,221,2540,928,TSMC,NVIDIA,2527,400
GeForce GTX 650 Ti,GPU,2012-10-09,28,110,221,2540,928,TSMC,NVIDIA,2527,400
GeForce GTX 650 Ti Boost,GPU,2013-03-26,28,134,221,2540,980,TSMC,NVIDIA,3330,452
GeForce GTX 660,GPU,2012-09-06,28,140,221,2540,980,TSMC,NVIDIA,4004,476
GeForce GTX 750 Ti,GPU,NaT,28,150,221,2540,1033,TSMC,NVIDIA,3919,498
FirePro V5900,GPU,2011-05-24,40,75,389,2640,600,TSMC,AMD,1271,352
FirePro V7900,GPU,2011-05-24,40,150,389,2640,725,TSMC,AMD,2310,324
Radeon HD 6950,GPU,2010-12-14,40,200,389,2640,800,TSMC,AMD,2650,421
Radeon HD 6970,GPU,2010-12-14,40,250,389,2640,880,TSMC,AMD,2863,430
Radeon HD 6970,GPU,NaT,40,375,389,2640,880,TSMC,AMD,2863,430
Radeon HD 6990,GPU,2011-03-08,40,375,389,2640,830,TSMC,AMD,3013,630
FirePro W5000,GPU,2012-08-07,28,75,212,2800,825,TSMC,AMD,3056,587
Radeon HD 7950 / R9 280,GPU,2012-04-24,28,75,212,2800,700,TSMC,AMD,4765,691
Radeon R9 M290X,GPU,2014-11-23,28,80,212,2800,850,TSMC,AMD,3375,453
Radeon HD 7970M,GPU,2012-04-24,28,100,212,2800,850,TSMC,AMD,3774,541
Radeon HD 8970M,GPU,2013-05-14,28,100,212,2800,850,TSMC,AMD,3876,807
Radeon R9 M290X,GPU,2014-01-09,28,100,212,2800,850,TSMC,AMD,3375,453
Radeon R7 370,GPU,2015-06-18,28,110,212,2800,925,TSMC,AMD,4479,595
Radeon R9 370,GPU,2015-05-05,28,110,212,2800,925,TSMC,AMD,4722,781
Radeon HD 7850,GPU,2012-03-05,28,130,212,2800,860,TSMC,AMD,3826,550
FirePro R5000,GPU,2013-02-25,28,150,212,2800,825,TSMC,AMD,2647,625
FirePro S7000,GPU,2012-08-27,28,150,212,2800,950,TSMC,AMD,4166,615
FirePro W7000,GPU,2012-06-13,28,150,212,2800,950,TSMC,AMD,4276,551
Radeon R9 270,GPU,2013-11-13,28,150,212,2800,900,TSMC,AMD,4306,567
Radeon R9 270,GPU,2015-03-13,28,150,212,2800,900,TSMC,AMD,4306,567
Radeon R9 370,GPU,2015-06-12,28,150,212,2800,925,TSMC,AMD,4722,781
Radeon Sky 500,GPU,2013-03-27,28,150,212,2800,950,TSMC,AMD,4736,551
Radeon HD 7870,GPU,2012-03-05,28,175,212,2800,1000,TSMC,AMD,4661,587
Radeon R9 270X,GPU,2013-10-08,28,180,212,2800,1000,TSMC,AMD,4923,607
Radeon R9 370,GPU,2015-08-27,28,180,212,2800,980,TSMC,AMD,4722,781
Quadro M2200,GPU,2017-01-11,28,55,228,2940,695,TSMC,NVIDIA,4342,385
GeForce GTX 950,GPU,2016-03-01,28,75,228,2940,1026,TSMC,NVIDIA,5392,641
Quadro M2000,GPU,2016-04-08,28,75,228,2940,796,TSMC,NVIDIA,3942,565
GeForce GTX 950,GPU,2015-08-20,28,90,228,2940,1024,TSMC,NVIDIA,5392,641
GeForce GTX 960,GPU,2015-01-22,28,120,228,2940,1127,TSMC,NVIDIA,6042,671
Radeon Pro 450,GPU,2016-10-30,14,35,123,3000,800,GF,AMD,2723,619
Radeon Pro 455,GPU,2016-10-30,14,35,123,3000,855,GF,AMD,3113,705
Radeon Pro 460,GPU,2016-10-30,14,35,123,3000,850,GF,AMD,3453,679
Radeon RX 560,GPU,2017-07-04,14,45,123,3000,1090,GF,AMD,3594,506
Radeon Pro WX 4100,GPU,2016-11-10,14,50,123,3000,1125,GF,AMD,3766,690
Radeon Pro WX 4130,GPU,2017-03-01,14,50,123,3000,1002,GF,AMD,1881,395
Radeon Pro WX 4150,GPU,2017-03-01,14,50,123,3000,1002,GF,AMD,1935,413
Radeon Pro WX 4170,GPU,2017-03-01,14,50,123,3000,1002,GF,AMD,1409,427
Radeon RX 550,GPU,2017-10-13,14,50,123,3000,1019,GF,AMD,2718,484
Radeon RX 460,GPU,2016-08-08,14,55,123,3000,1000,GF,AMD,4114,570
Radeon RX 560,GPU,2017-01-05,14,55,123,3000,1000,GF,AMD,3594,506
Radeon RX 560,GPU,2017-01-05,14,55,123,3000,784,GF,AMD,3594,506
Radeon RX 550,GPU,2017-10-13,14,60,123,3000,1019,GF,AMD,2718,484
Radeon RX 550X,GPU,2018-04-11,14,60,123,3000,1019,GF,AMD,2370,508
Radeon RX 560,GPU,2017-07-04,14,65,123,3000,1090,GF,AMD,3594,506
Radeon RX 560,GPU,2017-01-05,14,65,123,3000,1090,GF,AMD,3594,506
Radeon RX 560,GPU,2018-04-11,14,65,123,3000,1090,GF,AMD,3594,506
Radeon RX 560X,GPU,2018-04-11,14,65,123,3000,1275,GF,AMD,3181,487
Radeon RX 560X,GPU,2019-01-09,14,65,123,3000,1223,GF,AMD,3181,487
Radeon Pro 555,GPU,2018-07-16,14,75,123,3000,907,GF,AMD,3141,659
Radeon Pro 555,GPU,2017-06-05,14,75,123,3000,850,GF,AMD,3141,659
Radeon Pro 560,GPU,2017-04-18,14,75,123,3000,907,GF,AMD,3475,724
Radeon Pro 560X,GPU,2018-07-16,14,75,123,3000,1004,GF,AMD,3678,711
Radeon RX 460,GPU,2017-01-17,14,75,123,3000,1090,GF,AMD,4114,570
Radeon RX 460,GPU,2016-08-08,14,75,123,3000,1090,GF,AMD,4114,570
Radeon RX 560,GPU,2017-04-18,14,75,123,3000,1175,GF,AMD,3594,506
Radeon RX 560X,GPU,2018-04-11,14,75,123,3000,1175,GF,AMD,3181,487
Quadro 5010M,GPU,2011-02-22,40,100,520,3000,450,TSMC,NVIDIA,1891,366
GeForce GTX 560,GPU,2011-11-29,40,150,520,3000,552,TSMC,NVIDIA,2711,418
Quadro 7000,GPU,2012-05-02,40,204,520,3000,651,TSMC,NVIDIA,3505,397
GeForce GTX 560 Ti,GPU,2011-03-30,40,210,520,3000,732,TSMC,NVIDIA,3056,416
GeForce GTX 560 Ti,GPU,2011-11-29,40,210,520,3000,732,TSMC,NVIDIA,3056,416
GeForce GTX 570,GPU,2010-12-07,40,219,520,3000,732,TSMC,NVIDIA,3902,466
GeForce GTX 580,GPU,2010-11-09,40,244,520,3000,772,TSMC,NVIDIA,4538,456
Tesla C2075,GPU,2011-07-25,40,247,520,3000,574,TSMC,NVIDIA,3118,589
GeForce GTX 590,GPU,2011-03-24,40,365,520,3000,608,TSMC,NVIDIA,3307,470
GeForce GTX 480M,GPU,2010-05-25,40,100,529,3100,425,TSMC,NVIDIA,2051,536
Quadro 5000M,GPU,2010-07-27,40,100,529,3100,405,TSMC,NVIDIA,2060,426
Quadro 4000,GPU,2010-11-02,40,142,529,3100,475,TSMC,NVIDIA,1489,366
Quadro 4000,GPU,2011-06-12,40,142,529,3100,475,TSMC,NVIDIA,1489,366
Quadro 5000,GPU,2011-02-23,40,152,529,3100,513,TSMC,NVIDIA,1982,376
GeForce GTX 465,GPU,2010-05-31,40,200,529,3100,608,TSMC,NVIDIA,2681,454
Quadro 6000,GPU,2010-12-10,40,204,529,3100,574,TSMC,NVIDIA,2689,458
GeForce GTX 470,GPU,2010-03-26,40,215,529,3100,608,TSMC,NVIDIA,3147,381
GeForce GTX 470,GPU,NaT,,215,529,3100,608,TSMC,NVIDIA,3147,381
GeForce GTX 470,GPU,NaT,40,215,529,3100,608,TSMC,NVIDIA,3147,381
Tesla M2070-Q,GPU,2011-07-25,40,225,529,3100,574,TSMC,NVIDIA,1306,444
Tesla M2070-Q,GPU,2011-07-25,40,225,529,3100,574,TSMC,NVIDIA,1306,444
Quadro 6000,GPU,2011-07-25,40,231,529,3100,574,TSMC,NVIDIA,2689,458
Tesla C2050,GPU,2011-07-25,40,238,529,3100,574,TSMC,NVIDIA,3515,493
Tesla C2070,GPU,2011-07-25,40,238,529,3100,574,TSMC,NVIDIA,3101,494
GeForce GTX 480,GPU,2010-03-26,40,250,529,3100,701,TSMC,NVIDIA,4110,447
GeForce GTX 480,GPU,NaT,40,365,529,3100,608,TSMC,NVIDIA,4110,447
GeForce GTX 480,GPU,NaT,40,375,529,3100,527,TSMC,NVIDIA,4110,447
GeForce MX350,GPU,2020-02-10,14,20,132,3300,747,Samsung,NVIDIA,2855,243
GeForce MX350,GPU,2020-02-10,14,20,132,3300,1354,Samsung,NVIDIA,2855,243
GeForce MX150,GPU,2019-02-23,14,25,132,3300,1469,Samsung,NVIDIA,2310,218
Quadro P600,GPU,2017-02-07,14,25,132,3300,1430,Samsung,NVIDIA,3324,482
Quadro P400,GPU,2017-02-07,14,30,132,3300,1228,Samsung,NVIDIA,1614,427
Quadro P1000,GPU,2017-02-07,14,40,132,3300,1303,Samsung,NVIDIA,4466,659
Quadro P600,GPU,2017-02-07,14,40,132,3300,1329,Samsung,NVIDIA,3324,482
Quadro P620,GPU,2018-02-01,14,40,132,3300,1177,Samsung,NVIDIA,3640,575
Quadro P620,GPU,2018-02-01,14,40,132,3300,1266,Samsung,NVIDIA,3640,575
Quadro P1000,GPU,2017-02-07,14,47,132,3300,1266,Samsung,NVIDIA,4466,659
Quadro P1000,GPU,2017-02-07,14,47,132,3300,1354,Samsung,NVIDIA,4466,659
Quadro P2000,GPU,2017-02-06,14,50,132,3300,1557,Samsung,NVIDIA,7096,692
GeForce GTX 1050,GPU,2016-10-25,14,75,132,3300,1354,Samsung,NVIDIA,5090,475
GeForce GTX 1050,GPU,2019-02-01,14,75,132,3300,1366,Samsung,NVIDIA,5090,475
GeForce GTX 1050 Ti,GPU,2016-10-25,14,75,132,3300,1291,Samsung,NVIDIA,6314,651
GeForce GTX 1050 Ti (Mobile),GPU,2017-01-03,14,75,132,3300,1354,Samsung,NVIDIA,5919,323
GeForce GTX 1050 Ti (Mobile),GPU,2017-01-03,14,75,132,3300,1493,Samsung,NVIDIA,5919,323
GeForce GTX 1050 Ti with Max-Q Design,GPU,2018-01-03,14,75,132,3300,1000,Samsung,NVIDIA,5372,362
GeForce GTX 1050 Ti with Max-Q Design,GPU,2018-01-03,14,75,132,3300,1152,Samsung,NVIDIA,5372,362
GeForce GTX 1050 with Max-Q Design,GPU,2018-05-21,14,75,132,3300,1392,Samsung,NVIDIA,3785,297
GeForce GTX 670MX,GPU,2012-10-01,28,75,294,3540,601,TSMC,NVIDIA,1906,335
GeForce GTX 860M,GPU,2014-03-10,28,75,294,3540,797,TSMC,NVIDIA,3045,226
Quadro K3000M,GPU,2012-06-01,28,75,294,3540,654,TSMC,NVIDIA,1626,360
Quadro K3100M,GPU,2013-07-23,28,75,294,3540,706,TSMC,NVIDIA,2263,327
GeForce GTX 675MX,GPU,2013-04-01,28,100,294,3540,719,TSMC,NVIDIA,2338,377
GeForce GTX 675MX,GPU,2012-10-01,28,100,294,3540,654,TSMC,NVIDIA,2338,377
GeForce GTX 680M,GPU,2012-06-04,28,100,294,3540,719,TSMC,NVIDIA,3077,348
GeForce GTX 775M,GPU,2013-11-08,28,100,294,3540,797,TSMC,NVIDIA,4208,696
GeForce GTX 870M,GPU,2014-03-12,28,100,294,3540,941,TSMC,NVIDIA,3380,293
Quadro K4000M,GPU,2012-06-01,28,100,294,3540,601,TSMC,NVIDIA,1949,351
Quadro K4100M,GPU,2013-07-23,28,100,294,3540,706,TSMC,NVIDIA,2756,352
Quadro K5000M,GPU,2012-08-07,28,100,294,3540,601,TSMC,NVIDIA,2754,363
Quadro K5100M,GPU,2013-07-23,28,100,294,3540,771,TSMC,NVIDIA,3266,418
Quadro K4200,GPU,2014-07-22,28,108,294,3540,771,TSMC,NVIDIA,4337,502
GeForce GTX 680MX,GPU,2012-10-23,28,122,294,3540,719,TSMC,NVIDIA,4271,730
GeForce GTX 780M,GPU,2013-05-11,28,122,294,3540,771,TSMC,NVIDIA,3755,386
GeForce GTX 780M,GPU,2013-11-08,28,122,294,3540,771,TSMC,NVIDIA,3755,386
GeForce GTX 880M,GPU,2014-03-12,28,122,294,3540,954,TSMC,NVIDIA,3876,347
Quadro K5000,GPU,2012-08-17,28,122,294,3540,706,TSMC,NVIDIA,3901,435
Quadro K5000,GPU,2013-01-25,28,122,294,3540,706,TSMC,NVIDIA,3901,435
Quadro K5000,GPU,2012-08-07,28,122,294,3540,706,TSMC,NVIDIA,3901,435
GeForce GTX 660,GPU,2012-08-22,28,130,294,3540,823,TSMC,NVIDIA,4004,476
GeForce GTX 760,GPU,2013-06-27,28,130,294,3540,823,TSMC,NVIDIA,4775,523
GeForce GTX 760,GPU,2013-08-25,28,130,294,3540,823,TSMC,NVIDIA,4775,523
GeForce GTX 660,GPU,2014-09-13,28,140,294,3540,980,TSMC,NVIDIA,4004,476
GeForce GTX 660 Ti,GPU,2012-08-16,28,150,294,3540,915,TSMC,NVIDIA,4367,449
GeForce GTX 670,GPU,2012-05-10,28,170,294,3540,915,TSMC,NVIDIA,5304,523
GeForce GTX 760,GPU,2013-06-25,28,170,294,3540,980,TSMC,NVIDIA,4775,523
GeForce GTX 760,GPU,2016-11-06,28,170,294,3540,993,TSMC,NVIDIA,4775,523
GeForce GTX 760 Ti,GPU,2013-09-27,28,170,294,3540,915,TSMC,NVIDIA,5206,555
GeForce GTX 760 Ti,GPU,2013-08-25,28,170,294,3540,915,TSMC,NVIDIA,5206,555
GeForce GTX 680,GPU,2013-04-03,28,195,294,3540,1006,TSMC,NVIDIA,5535,528
GeForce GTX 680,GPU,2012-03-22,28,195,294,3540,1006,TSMC,NVIDIA,5535,528
GRID K2,GPU,2013-05-11,28,225,294,3540,745,TSMC,NVIDIA,2737,319
GRID K220Q,GPU,2014-07-02,28,225,294,3540,745,TSMC,NVIDIA,912,539
GRID K240Q,GPU,2013-06-28,28,225,294,3540,745,TSMC,NVIDIA,2541,212
GRID K260Q,GPU,2013-06-28,28,225,294,3540,745,TSMC,NVIDIA,2949,361
GRID K280Q,GPU,2013-06-28,28,225,294,3540,745,TSMC,NVIDIA,2840,371
GRID K520,GPU,2014-07-02,28,225,294,3540,745,TSMC,NVIDIA,3399,174
GRID K520,GPU,2013-07-23,28,225,294,3540,745,TSMC,NVIDIA,3399,174
GeForce GTX 770,GPU,2013-05-30,28,230,294,3540,1046,TSMC,NVIDIA,5892,551
GeForce GTX 760,GPU,2013-11-19,28,250,294,3540,1006,TSMC,NVIDIA,4775,523
GeForce GTX 690,GPU,2012-05-03,28,300,294,3540,915,TSMC,NVIDIA,5654,458
GeForce 7950 GT,GPU,2012-01-31,28,85,352,4313,800,TSMC,AMD,344,189
Radeon HD 7870 XT,GPU,2012-11-19,28,185,352,4313,925,TSMC,AMD,4470,661
Radeon HD 7950 / R9 280,GPU,2012-01-31,28,200,352,4313,800,TSMC,AMD,4765,691
Radeon HD 7950 / R9 280,GPU,2012-06-22,28,200,352,4313,850,TSMC,AMD,4765,691
Radeon R9 280,GPU,2014-03-04,28,200,352,4313,827,TSMC,AMD,5668,679
FirePro S9000,GPU,2012-08-24,28,225,352,4313,900,TSMC,AMD,5059,561
FirePro S9050,GPU,2014-08-07,28,225,352,4313,900,TSMC,AMD,4901,369
FirePro W8000,GPU,2012-06-14,28,225,352,4313,900,TSMC,AMD,4138,570
Radeon R9 280X,GPU,2013-10-08,28,250,352,4313,850,TSMC,AMD,6284,692
FirePro W9000,GPU,2012-06-14,28,274,352,4313,975,TSMC,AMD,6138,720
Radeon HD 7970M,GPU,2012-06-22,28,300,352,4313,1000,TSMC,AMD,3774,541
FirePro S10000,GPU,2014-03-01,28,375,352,4313,825,TSMC,AMD,5315,493
FirePro S10000,GPU,2012-11-12,28,375,352,4313,825,TSMC,AMD,5315,493
FirePro S10000,GPU,2012-11-12,28,375,352,4313,825,TSMC,AMD,5315,493
Radeon HD 7990,GPU,2013-04-24,28,375,365,4313,950,TSMC,AMD,5566,766
Radeon HD 8990,GPU,2013-04-24,28,375,365,4313,950,TSMC,AMD,5214,658
Radeon R9 280X,GPU,NaT,28,375,352,4313,950,TSMC,AMD,6284,692
Radeon HD 7970M,GPU,2012-08-31,28,500,352,4313,925,TSMC,AMD,3774,541
GeForce GTX 1050 Ti,GPU,2017-02-01,16,75,200,4400,1493,TSMC,NVIDIA,6314,651
P106-090,GPU,2017-07-31,16,75,200,4400,1354,TSMC,NVIDIA,2402,104
Quadro P2000,GPU,2017-02-06,16,75,200,4400,1076,TSMC,NVIDIA,7096,692
Quadro P2000 with Max-Q Design,GPU,2019-02-15,16,75,200,4400,1291,TSMC,NVIDIA,4597,533
Quadro P2200,GPU,2019-06-10,16,75,200,4400,1000,TSMC,NVIDIA,9486,971
GeForce GTX 1060 (Mobile),GPU,2016-08-15,16,80,200,4400,1404,TSMC,NVIDIA,8161,444
GeForce GTX 1060 with Max-Q Design,GPU,2017-06-27,16,80,200,4400,1063,TSMC,NVIDIA,7907,430
GeForce GTX 1060,GPU,2017-12-26,16,120,200,4400,1506,TSMC,NVIDIA,10070,762
GeForce GTX 1060,GPU,2018-01-05,16,120,200,4400,1506,TSMC,NVIDIA,10070,762
GeForce GTX 1060 3GB,GPU,2016-08-18,16,120,200,4400,1506,TSMC,NVIDIA,9728,779
GeForce GTX 1060 5GB,GPU,2017-04-20,16,120,200,4400,1506,TSMC,NVIDIA,8704,680
P106-100,GPU,2017-06-19,16,120,200,4400,1506,TSMC,NVIDIA,5967,339
T500,GPU,2020-12-02,12,18,200,4700,1365,TSMC,NVIDIA,3597,293
GeForce MX450,GPU,2020-08-15,12,25,200,4700,720,TSMC,NVIDIA,3743,295
GeForce GTX 1650,GPU,2019-04-23,12,30,200,4700,1020,TSMC,NVIDIA,7807,592
GeForce MX450,GPU,2020-08-25,12,31,200,4700,1395,TSMC,NVIDIA,3743,295
GeForce MX450,GPU,2020-08-25,12,31,200,4700,1035,TSMC,NVIDIA,3743,295
Quadro T2000,GPU,2019-05-27,12,40,200,4700,1200,TSMC,NVIDIA,7169,479
GeForce GTX 1650 (Mobile),GPU,2020-04-15,12,50,200,4700,1380,TSMC,NVIDIA,6969,384
GeForce GTX 1650 (Mobile),GPU,2019-04-23,12,50,200,4700,1395,TSMC,NVIDIA,6969,384
GeForce GTX 1650 Ti,GPU,2020-04-02,12,50,200,4700,1350,TSMC,NVIDIA,7490,399
GeForce GTX 1650 Ti with Max-Q Design,GPU,2020-04-15,12,50,200,4700,930,TSMC,NVIDIA,6342,338
GeForce GTX 1650 Ti with Max-Q Design,GPU,2020-04-02,12,50,200,4700,1035,TSMC,NVIDIA,6342,338
Quadro T1000,GPU,2019-05-27,12,50,200,4700,1395,TSMC,NVIDIA,6513,448
Quadro T1000 with Max-Q Design,GPU,2020-06-08,12,50,200,4700,1395,TSMC,NVIDIA,6589,412
Quadro T2000 with Max-Q Design,GPU,2019-05-27,12,60,200,4700,1575,TSMC,NVIDIA,6871,454
GeForce GTX 1650,GPU,2019-04-23,12,75,200,4700,1485,TSMC,NVIDIA,7807,592
GeForce GTX 1650 Ti,GPU,2020-04-01,12,75,200,4700,1410,TSMC,NVIDIA,7490,399
Radeon RX Vega 10,GPU,2017-10-26,14,10,210,4940,300,GF,AMD,1694,388
Radeon Vega 10 Mobile,GPU,2019-01-08,14,10,210,4940,300,GF,AMD,1465,338
Radeon Vega 3,GPU,2019-01-01,14,10,210,4940,300,GF,AMD,889,309
Radeon RX Vega 11,GPU,2019-07-07,14,15,210,4940,300,GF,AMD,2137,535
Radeon RX Vega 11,GPU,2019-10-22,14,15,210,4940,300,GF,AMD,2137,535
Radeon Vega 10 Mobile,GPU,2019-04-08,14,15,210,4940,300,GF,AMD,1465,338
Radeon Vega 10 Mobile,GPU,2019-01-06,14,15,210,4940,300,GF,AMD,1465,338
Radeon Vega 11,GPU,2019-09-30,14,15,210,4940,300,GF,AMD,1847,509
Radeon Vega 3,GPU,2019-11-20,14,15,210,4940,300,GF,AMD,889,309
Radeon Vega 3,GPU,2018-09-06,14,15,210,4940,300,GF,AMD,889,309
Radeon Vega 3,GPU,2018-02-13,14,15,210,4940,300,GF,AMD,889,309
Radeon Vega 3 Mobile,GPU,2019-01-06,14,15,210,4940,300,GF,AMD,1029,310
Radeon Vega 3 Mobile,GPU,2019-01-06,14,15,210,4940,300,GF,AMD,1029,310
Radeon Vega 3 Mobile,GPU,2020-01-06,14,15,210,4940,300,GF,AMD,1029,310
Radeon Vega 3 Mobile,GPU,2018-01-08,14,15,210,4940,300,GF,AMD,1029,310
Radeon Vega 8,GPU,2018-02-13,14,15,210,4940,300,GF,AMD,1593,421
Radeon Vega 8,GPU,2019-07-07,14,15,210,4940,300,GF,AMD,1593,421
Radeon Vega 8 Mobile,GPU,2019-01-06,14,15,210,4940,300,GF,AMD,1438,349
Radeon Vega 8 Mobile,GPU,2019-04-08,14,15,210,4940,300,GF,AMD,1438,349
Radeon Vega 9,GPU,2019-10-22,14,15,210,4940,300,GF,AMD,1669,442
Radeon RX Vega 11,GPU,2018-05-10,14,35,210,4940,300,GF,AMD,2137,535
Radeon RX Vega 11,GPU,2018-04-19,14,35,210,4940,300,GF,AMD,2137,535
Radeon Vega 11,GPU,2018-02-13,14,35,210,4940,300,GF,AMD,1847,509
Radeon Vega 8,GPU,2018-04-19,14,35,210,4940,300,GF,AMD,1593,421
Radeon Vega 8 Mobile,GPU,2019-01-08,14,35,210,4940,300,GF,AMD,1438,349
Radeon RX Vega 11,GPU,2018-02-12,14,65,210,4940,300,GF,AMD,2137,535
Radeon Vega 8,GPU,2018-02-12,14,65,210,4940,300,GF,AMD,1593,421
Radeon Vega 8 Mobile,GPU,2017-10-26,14,65,210,4940,300,GF,AMD,1438,349
Radeon Pro WX Vega M GL,GPU,2018-04-24,14,65,208,5000,931,GF,AMD,6049,777
Radeon RX Vega M GL,GPU,2018-02-01,14,65,208,5000,931,GF,AMD,3315,506
Radeon R9 M390X,GPU,2015-05-05,28,75,366,5000,723,TSMC,AMD,3021,507
Radeon R9 M395X,GPU,2015-05-05,28,75,366,5000,723,TSMC,AMD,4775,762
FirePro W7170M,GPU,2015-10-02,28,100,366,5000,723,TSMC,AMD,3162,418
Radeon RX Vega M GH,GPU,2018-02-01,14,100,208,5000,1063,GF,AMD,6734,833
FirePro S7150,GPU,2016-02-01,28,150,366,5000,920,TSMC,AMD,6276,866
FirePro W7100,GPU,2014-08-12,28,150,366,5000,920,TSMC,AMD,5175,667
Radeon R9 285,GPU,2014-09-02,28,190,366,5000,918,TSMC,AMD,6680,597
Radeon R9 380,GPU,2015-05-05,28,190,366,5000,918,TSMC,AMD,6275,675
Radeon R9 380,GPU,2015-06-18,28,190,366,5000,970,TSMC,AMD,6275,675
Radeon R9 380X,GPU,2015-11-19,28,190,366,5000,970,TSMC,AMD,6189,670
Radeon R9 285,GPU,NaT,28,200,366,5000,1002,TSMC,AMD,6680,597
Radeon R9 M295X,GPU,2014-11-23,28,250,366,5000,723,TSMC,AMD,5150,832
Radeon R9 M295X,GPU,2014-11-23,28,250,366,5000,850,TSMC,AMD,5150,832
Radeon R9 M395X,GPU,2015-05-05,28,250,366,5000,909,TSMC,AMD,4775,762
Radeon R9 M485X,GPU,2016-05-15,28,250,366,5000,723,TSMC,AMD,3204,492
FirePro S7150,GPU,2016-02-01,28,265,366,5000,1050,TSMC,AMD,6276,866
Quadro M3000M,GPU,2015-08-18,28,75,398,5200,1050,TSMC,NVIDIA,5678,432
Quadro M3000M,GPU,2016-10-02,28,75,398,5200,823,TSMC,NVIDIA,5678,432
GRID M6-8Q,GPU,2015-08-30,28,100,398,5200,722,TSMC,NVIDIA,3568,556
Quadro M4000M,GPU,2015-08-18,28,100,398,5200,975,TSMC,NVIDIA,6530,471
Quadro M5000M,GPU,2015-08-18,28,100,398,5200,975,TSMC,NVIDIA,6807,482
Tesla M6,GPU,2015-08-30,28,100,398,5200,930,TSMC,NVIDIA,7509,441
Quadro M4000,GPU,2015-06-29,28,120,398,5200,773,TSMC,NVIDIA,6644,689
GeForce GTX 970,GPU,2014-09-19,28,148,398,5200,1050,TSMC,NVIDIA,9688,781
GeForce GTX 980,GPU,2016-06-01,28,148,398,5200,1050,TSMC,NVIDIA,11237,815
Quadro M5000,GPU,2015-06-29,28,150,398,5200,861,TSMC,NVIDIA,9262,679
Quadro M5500,GPU,2016-04-08,28,150,398,5200,1140,TSMC,NVIDIA,7915,698
GeForce GTX 980,GPU,2014-09-19,28,165,398,5200,1127,TSMC,NVIDIA,11237,815
GRID M60-1Q,GPU,2015-08-30,28,225,398,5200,557,TSMC,NVIDIA,4251,211
GRID M60-2Q,GPU,2015-08-30,28,225,398,5200,557,TSMC,NVIDIA,4316,339
GRID M60-8Q,GPU,2015-08-30,28,225,398,5200,557,TSMC,NVIDIA,3884,618
Tesla M60,GPU,2015-08-30,28,300,398,5200,557,TSMC,NVIDIA,7771,563
Radeon Pro WX 5100,GPU,2016-11-18,14,75,232,5700,713,GF,AMD,5511,820
Radeon RX 570X,GPU,2017-12-10,14,85,232,5700,926,GF,AMD,1923,750
Radeon RX 480,GPU,2016-08-04,14,100,232,5700,1000,GF,AMD,8674,779
Radeon RX 580,GPU,2017-04-18,14,100,232,5700,1000,GF,AMD,8907,772
Radeon RX 580X,GPU,2018-04-11,14,100,232,5700,1000,GF,AMD,7798,885
Radeon RX 470/570,GPU,2016-08-04,14,120,232,5700,926,GF,AMD,8070,726
Radeon RX 470/570,GPU,2016-10-21,14,120,232,5700,926,GF,AMD,8070,726
Radeon Pro WX 7100,GPU,2016-11-10,14,130,232,5700,1188,GF,AMD,7822,787
Radeon Pro WX 7100,GPU,2017-03-01,14,130,232,5700,1188,GF,AMD,7822,787
Radeon Pro 570,GPU,2017-06-05,14,150,232,5700,1000,GF,AMD,6337,697
Radeon RX 480,GPU,2016-06-29,14,150,232,5700,1120,GF,AMD,8674,779
Radeon RX 560X,GPU,2019-03-13,14,150,232,5700,1074,GF,AMD,3181,487
Radeon RX 570X,GPU,2017-04-18,14,150,232,5700,1168,GF,AMD,1923,750
Radeon RX 570X,GPU,2018-04-11,14,150,232,5700,1168,GF,AMD,1923,750
Radeon RX 580,GPU,2016-06-29,14,150,232,5700,1120,GF,AMD,8907,772
Radeon RX 580 2048SP,GPU,2018-10-15,14,150,232,5700,1168,GF,AMD,7768,669
Radeon RX 590,GPU,2018-11-15,12,175,232,5700,1469,GF,AMD,9665,810
Radeon Pro 580,GPU,2017-06-05,14,185,232,5700,1100,GF,AMD,7753,943
Radeon Pro 580X,GPU,2019-03-18,14,185,232,5700,1100,GF,AMD,7540,698
Radeon RX 580,GPU,2017-04-18,14,185,232,5700,1257,GF,AMD,8907,772
Radeon RX 580X,GPU,2018-10-15,14,185,232,5700,1257,GF,AMD,7798,885
Radeon RX 580X,GPU,2018-04-11,14,185,232,5700,1257,GF,AMD,7798,885
Radeon Pro Duo,GPU,2017-04-24,14,250,232,5700,1243,GF,AMD,8324,715
FirePro W8100,GPU,2014-06-23,28,220,438,6200,824,TSMC,AMD,7327,759
FirePro S9050,GPU,2014-10-02,28,225,438,6200,824,TSMC,AMD,4901,369
FirePro S9000,GPU,2015-07-08,28,275,438,6200,930,TSMC,AMD,5059,561
FirePro W9100,GPU,2014-03-26,28,275,438,6200,930,TSMC,AMD,7719,790
Radeon R9 290,GPU,2013-11-05,28,275,438,6200,947,TSMC,AMD,8409,789
Radeon R9 390,GPU,2015-06-18,28,275,438,6200,1000,TSMC,AMD,9008,816
Radeon R9 390X,GPU,2015-06-18,28,275,438,6200,1050,TSMC,AMD,9503,840
Radeon R9 290X,GPU,2013-10-24,28,290,438,6200,1000,TSMC,AMD,8794,787
Radeon R9 295X2,GPU,2014-04-29,28,500,438,6200,1018,TSMC,AMD,8619,804
Radeon R9 290,GPU,2014-06-24,28,580,438,6200,1000,TSMC,AMD,8409,789
Radeon R9 390,GPU,2015-09-03,28,580,438,6200,1000,TSMC,AMD,9008,816
Radeon Pro 5300,GPU,2020-08-04,7,85,158,6400,1000,TSMC,AMD,7522,663
Radeon Pro 5300M,GPU,2019-11-13,7,85,158,6400,1000,TSMC,AMD,5840,636
Radeon Pro 5500M,GPU,2019-11-13,7,85,158,6400,1000,TSMC,AMD,6763,682
Radeon Pro W5500M,GPU,2020-02-10,7,85,158,6400,1000,TSMC,AMD,2010,533
Radeon RX 5300M,GPU,2019-11-13,7,85,158,6400,1000,TSMC,AMD,3562,366
Radeon RX 5500M,GPU,2019-10-07,7,85,158,6400,1375,TSMC,AMD,4010,414
Radeon RX 5300,GPU,2020-05-28,7,100,158,6400,1327,TSMC,AMD,7611,854
Radeon RX 5300,GPU,2019-10-07,7,100,158,6400,1670,TSMC,AMD,7611,854
Radeon RX 5500,GPU,2019-10-07,7,110,158,6400,1500,TSMC,AMD,8817,864
Radeon Pro 5500 XT,GPU,2020-08-04,7,125,158,6400,1187,TSMC,AMD,8298,628
Radeon Pro W5500,GPU,2020-02-10,7,125,158,6400,1744,TSMC,AMD,9269,896
Radeon RX 5500 XT,GPU,2019-12-12,7,130,158,6400,1607,TSMC,AMD,9188,824
GeForce GTX 1650 Ti,GPU,2020-04-23,12,50,284,6600,1350,TSMC,NVIDIA,7490,399
GeForce GTX 1650,GPU,2020-07-07,12,80,284,6600,1410,TSMC,NVIDIA,7807,592
GeForce GTX 1650 SUPER,GPU,2019-11-22,12,100,284,6600,1530,TSMC,NVIDIA,10032,761
GeForce GTX 1660,GPU,2019-03-14,12,120,284,6600,1530,TSMC,NVIDIA,11695,796
GeForce GTX 1660 Ti,GPU,2019-02-22,12,120,284,6600,1500,TSMC,NVIDIA,11794,702
GeForce GTX 1660 SUPER,GPU,2019-10-29,12,125,284,6600,1530,TSMC,NVIDIA,12732,823
Quadro K5200,GPU,2014-07-22,28,150,561,7080,667,TSMC,NVIDIA,5780,501
Quadro K6000,GPU,2013-07-23,28,225,561,7080,797,TSMC,NVIDIA,8108,556
Tesla K20m,GPU,2013-01-05,28,225,561,7080,706,TSMC,NVIDIA,5675,377
Tesla K20m,GPU,2012-11-12,28,225,561,7080,706,TSMC,NVIDIA,5675,377
Tesla K20m,GPU,2012-11-12,28,235,561,7080,732,TSMC,NVIDIA,5675,377
Tesla K20Xm,GPU,2012-11-12,28,235,561,7080,732,TSMC,NVIDIA,5428,329
Quadro K6000,GPU,2013-07-23,28,239,561,7080,902,TSMC,NVIDIA,8108,556
Tesla K40m,GPU,2013-11-22,28,245,561,7080,745,TSMC,NVIDIA,705,21
GeForce GTX 780,GPU,2013-09-10,28,250,561,7080,863,TSMC,NVIDIA,8022,601
GeForce GTX 780,GPU,2013-05-23,28,250,561,7080,863,TSMC,NVIDIA,8022,601
GeForce GTX 780 Ti,GPU,2013-11-07,28,250,561,7080,875,TSMC,NVIDIA,9312,626
GeForce GTX 780 Ti,GPU,NaT,28,250,561,7080,875,TSMC,NVIDIA,9312,626
GeForce GTX TITAN,GPU,2013-02-19,28,250,561,7080,836,TSMC,NVIDIA,8556,660
GeForce GTX TITAN BLACK,GPU,2014-02-18,28,250,561,7080,889,TSMC,NVIDIA,9140,616
GeForce GTX TITAN Z,GPU,2014-05-28,28,375,561,7080,705,TSMC,NVIDIA,9189,648
Quadro P3000,GPU,2017-01-11,16,75,314,7200,1088,TSMC,NVIDIA,6572,461
Quadro P3200,GPU,2018-02-21,16,75,314,7200,1328,TSMC,NVIDIA,8663,510
Quadro P3200 with Max-Q Design,GPU,2018-02-21,16,75,314,7200,1139,TSMC,NVIDIA,9242,557
Quadro P4000 with Max-Q Design,GPU,2017-01-11,16,100,314,7200,1114,TSMC,NVIDIA,9083,700
Quadro P4000 with Max-Q Design,GPU,2017-01-11,16,100,314,7200,1227,TSMC,NVIDIA,9083,700
Quadro P4200 with Max-Q Design,GPU,2018-02-21,16,100,314,7200,1227,TSMC,NVIDIA,11869,583
Quadro P5000,GPU,2017-01-11,16,100,314,7200,1278,TSMC,NVIDIA,11976,701
Quadro P5200,GPU,2018-02-21,16,100,314,7200,1557,TSMC,NVIDIA,12144,667
Quadro P5200 with Max-Q Design,GPU,2018-02-21,16,100,314,7200,1316,TSMC,NVIDIA,12323,581
Quadro P4000,GPU,2017-02-06,16,105,314,7200,1202,TSMC,NVIDIA,11422,820
GeForce GTX 1070,GPU,2017-06-27,16,115,314,7200,1215,TSMC,NVIDIA,13482,857
GeForce GTX 1060,GPU,2018-10-18,16,120,314,7200,1506,TSMC,NVIDIA,10070,762
GeForce GTX 1060,GPU,2018-03-08,16,120,314,7200,1506,TSMC,NVIDIA,10070,762
GeForce GTX 1060,GPU,NaT,16,120,314,7200,1506,TSMC,NVIDIA,10070,762
GeForce GTX 1060 3GB,GPU,2016-12-25,16,120,314,7200,1506,TSMC,NVIDIA,9728,779
GeForce GTX 1070 (Mobile),GPU,2016-08-15,16,120,314,7200,1442,TSMC,NVIDIA,10465,603
GeForce GTX 1070,GPU,2016-06-10,16,150,314,7200,1506,TSMC,NVIDIA,13482,857
GeForce GTX 1070,GPU,2018-12-04,16,150,314,7200,1506,TSMC,NVIDIA,13482,857
GeForce GTX 1080,GPU,2017-06-27,16,150,314,7200,1290,TSMC,NVIDIA,15265,890
GeForce GTX 1080 with Max-Q Design,GPU,2016-08-15,16,150,314,7200,1556,TSMC,NVIDIA,11507,731
GeForce GTX 1070 Ti,GPU,2017-11-02,16,180,314,7200,1607,TSMC,NVIDIA,14500,877
GeForce GTX 1080,GPU,2017-04-20,16,180,314,7200,1607,TSMC,NVIDIA,15265,890
GeForce GTX 1080,GPU,2016-05-27,16,180,314,7200,1607,TSMC,NVIDIA,15265,890
Quadro P5000,GPU,2016-10-01,16,180,314,7200,1607,TSMC,NVIDIA,11976,701
GeForce GTX 980 Ti,GPU,2015-06-02,28,250,601,8000,1000,TSMC,NVIDIA,13864,854
GeForce GTX TITAN X,GPU,2015-03-17,28,250,601,8000,1000,TSMC,NVIDIA,13173,843
Quadro M6000,GPU,2015-03-21,28,250,601,8000,988,TSMC,NVIDIA,11397,788
Quadro M6000,GPU,2016-03-05,28,250,601,8000,988,TSMC,NVIDIA,11397,788
Tesla M40,GPU,2015-11-10,28,250,601,8000,948,TSMC,NVIDIA,10117,364
Radeon R9 FURY,GPU,2015-07-10,28,275,596,8900,1000,TSMC,AMD,9551,791
Radeon R9 FURY X,GPU,2015-06-24,28,275,596,8900,1050,TSMC,AMD,10088,875
Radeon Pro Duo,GPU,2016-04-26,28,350,596,8900,1000,TSMC,AMD,8324,715
Radeon Vega 8,GPU,2021-01-12,7,45,156,9800,300,TSMC,AMD,1593,421
Radeon Vega 8 Mobile,GPU,2021-01-12,7,45,156,9800,300,TSMC,AMD,1438,349
Radeon Pro 5700,GPU,2020-08-04,7,130,251,10300,1243,TSMC,AMD,11844,829
Radeon Pro 5700 XT,GPU,2020-08-04,7,130,251,10300,1243,TSMC,AMD,12537,831
Radeon RX 5600,GPU,2020-01-21,7,150,251,10300,1130,TSMC,AMD,11030,935
Radeon RX 5600 XT,GPU,2020-01-21,7,150,251,10300,1130,TSMC,AMD,13836,914
Radeon RX 5600M,GPU,2020-07-07,7,150,251,10300,1035,TSMC,AMD,7157,537
Radeon Pro 5700,GPU,2020-01-01,7,180,251,10300,1465,TSMC,AMD,11844,829
Radeon RX 5700,GPU,2019-07-07,7,180,251,10300,1465,TSMC,AMD,14729,926
Radeon Pro W5700,GPU,2019-11-19,7,205,251,10300,1400,TSMC,AMD,15085,908
Radeon RX 5700 XT,GPU,2019-07-07,7,225,251,10300,1605,TSMC,AMD,16892,955
Radeon RX 5700 XT 50th Anniversary,GPU,2019-07-07,7,225,251,10300,1680,TSMC,AMD,16650,965
Quadro RTX 3000,GPU,2019-05-27,12,60,445,10800,600,TSMC,NVIDIA,11122,533
GeForce RTX 2060,GPU,2020-01-29,12,65,445,10800,975,TSMC,NVIDIA,13953,752
GeForce RTX 2060,GPU,2019-01-29,12,65,445,10800,1005,TSMC,NVIDIA,13953,752
Quadro RTX 3000 with Max-Q Design,GPU,2019-05-27,12,80,445,10800,945,TSMC,NVIDIA,8754,350
GeForce GTX 1650,GPU,2020-06-18,12,90,445,10800,1410,TSMC,NVIDIA,7807,592
GeForce RTX 2070 with Max-Q Design,GPU,2019-01-29,12,90,445,10800,885,TSMC,NVIDIA,12062,506
GeForce RTX 2060,GPU,2019-01-29,12,115,445,10800,960,TSMC,NVIDIA,13953,752
GeForce RTX 2070,GPU,2020-03-04,12,115,445,10800,900,TSMC,NVIDIA,16079,833
GeForce RTX 2070 (Mobile),GPU,2019-01-29,12,115,445,10800,1215,TSMC,NVIDIA,12354,601
GeForce RTX 2070 (Mobile),GPU,2020-03-04,12,115,445,10800,1260,TSMC,NVIDIA,12354,601
GeForce RTX 2060,GPU,2019-01-07,12,160,445,10800,1365,TSMC,NVIDIA,13953,752
GeForce RTX 2060 SUPER,GPU,2019-07-09,12,175,445,10800,1470,TSMC,NVIDIA,16514,881
GeForce RTX 2070,GPU,2018-10-17,12,175,445,10800,1410,TSMC,NVIDIA,16079,833
GeForce GTX 1080 Ti,GPU,2017-03-10,16,250,471,11800,1481,TSMC,NVIDIA,18284,934
GeForce GTX 1080 Ti,GPU,NaT,16,250,471,11800,1557,TSMC,NVIDIA,18284,934
P106-100,GPU,2018-01-01,16,250,471,11800,1557,TSMC,NVIDIA,5967,339
Quadro P6000,GPU,2016-10-01,16,250,471,11800,1506,TSMC,NVIDIA,15811,773
TITAN Xp,GPU,2016-08-02,16,250,471,11800,1417,TSMC,NVIDIA,19508,992
TITAN Xp,GPU,2017-04-06,16,250,471,11800,1405,TSMC,NVIDIA,19508,992
Radeon RX Vega 56,GPU,2018-06-01,14,120,495,12500,1138,GF,AMD,13636,784
Radeon Pro Vega 56,GPU,2017-08-14,14,210,495,12500,1138,GF,AMD,12386,860
Radeon RX Vega 56,GPU,2017-08-14,14,210,495,12500,1156,GF,AMD,13636,784
Radeon Pro V340 MxGPU,GPU,2018-08-26,14,230,495,12500,852,GF,AMD,2853,118
Radeon Pro WX 8200,GPU,2018-08-13,14,230,495,12500,1200,GF,AMD,14110,824
Radeon Pro WX 9100,GPU,2017-07-10,14,230,495,12500,1200,GF,AMD,13241,772
Radeon Pro Vega 64,GPU,2017-06-27,14,250,495,12500,1250,GF,AMD,12402,836
Radeon Pro Vega 64X,GPU,2019-03-19,14,250,495,12500,1250,GF,AMD,14630,948
Radeon Pro SSG,GPU,2017-08-08,14,260,495,12500,1440,GF,AMD,10498,601
Radeon RX Vega 64,GPU,2017-08-07,14,295,495,12500,1247,GF,AMD,14636,810
Radeon Instinct MI25 MxGPU,GPU,2017-06-27,14,300,495,12500,1400,GF,AMD,10466,727
Radeon Vega Frontier Edition,GPU,2017-06-27,14,300,495,12500,1382,GF,AMD,13748,753
Radeon RX Vega 64,GPU,2017-08-07,14,345,495,12500,1406,GF,AMD,14636,810
Radeon Vega Frontier Edition,GPU,2017-07-13,14,375,495,12500,1382,GF,AMD,13748,753
Radeon Pro VII,GPU,2020-05-13,7,250,331,13230,1400,TSMC,AMD,16853,720
Radeon VII,GPU,2019-02-07,7,295,331,13230,1400,TSMC,AMD,16767,788
Radeon Pro Vega II,GPU,2019-06-03,7,475,331,13230,1574,TSMC,AMD,14738,827
Radeon Pro Vega II,GPU,NaT,7,475,331,13230,1400,TSMC,AMD,14738,827
GeForce RTX 3060 Laptop GPU,GPU,2021-01-12,8,60,276,13250,817,Samsung,NVIDIA,12674,551
GeForce RTX 3060,GPU,2021-01-12,8,80,276,13250,900,Samsung,NVIDIA,16958,951
GeForce RTX 3060,GPU,2021-01-12,8,170,276,13250,1320,Samsung,NVIDIA,16958,951
Tesla T4,GPU,2018-09-13,12,70,545,13600,585,TSMC,NVIDIA,11113,567
GeForce RTX 2080 Super with Max-Q Design,GPU,2020-04-02,12,80,545,13600,735,TSMC,NVIDIA,14020,622
Quadro RTX 4000,GPU,2019-05-27,12,80,545,13600,780,TSMC,NVIDIA,15515,904
Quadro RTX 5000 with Max-Q Design,GPU,2019-05-27,12,80,545,13600,600,TSMC,NVIDIA,13893,606
GeForce RTX 2080 with Max-Q Design,GPU,2019-01-29,12,90,545,13600,735,TSMC,NVIDIA,13681,574
Quadro RTX 4000 (Mobile),GPU,2019-05-27,12,110,545,13600,1110,TSMC,NVIDIA,13008,588
Quadro RTX 5000,GPU,2020-06-08,12,110,545,13600,1035,TSMC,NVIDIA,16260,763
Quadro RTX 5000 (Mobile),GPU,2019-05-27,12,110,545,13600,1035,TSMC,NVIDIA,14832,705
GeForce RTX 2070 SUPER,GPU,2020-04-02,12,115,545,13600,1140,TSMC,NVIDIA,18168,896
GeForce RTX 2080 Super with Max-Q Design,GPU,2020-04-02,12,150,545,13600,1365,TSMC,NVIDIA,14020,622
GeForce RTX 2080 with Max-Q Design,GPU,2019-01-29,12,150,545,13600,1380,TSMC,NVIDIA,13681,574
GeForce RTX 2060,GPU,2020-01-10,12,160,545,13600,1365,TSMC,NVIDIA,13953,752
Quadro RTX 4000,GPU,2018-11-13,12,160,545,13600,1005,TSMC,NVIDIA,15515,904
GeForce RTX 2070 SUPER,GPU,2019-07-09,12,215,545,13600,1605,TSMC,NVIDIA,18168,896
GeForce RTX 2080,GPU,2018-09-20,12,215,545,13600,1515,TSMC,NVIDIA,18732,917
Quadro RTX 5000,GPU,2018-08-13,12,230,545,13600,1620,TSMC,NVIDIA,16260,763
GeForce RTX 2080 SUPER,GPU,2019-07-23,12,250,545,13600,1650,TSMC,NVIDIA,19519,934
Quadro GP100,GPU,2016-10-01,16,235,610,15300,1304,TSMC,NVIDIA,16203,858
Tesla P100-PCIE-16GB,GPU,2016-06-20,16,250,610,15300,1190,TSMC,NVIDIA,7225,572
Radeon RX 6700M,GPU,NaT,7,180,335,17200,1489,TSMC,AMD,11499,550
Radeon RX 6700S,GPU,2021-01-01,7,180,335,17200,1489,TSMC,AMD,11989,829
Radeon RX 6700 XT,GPU,2021-03-03,7,230,335,17200,2321,TSMC,AMD,18993,1014
Radeon RX 6800M,GPU,2021-01-01,7,230,335,17200,2321,TSMC,AMD,9012,643
GeForce RTX 3070 Laptop GPU,GPU,2021-01-12,8,80,392,17400,780,Samsung,NVIDIA,15231,651
GeForce RTX 3080 Laptop GPU,GPU,2021-01-12,8,80,392,17400,780,Samsung,NVIDIA,16522,662
GeForce RTX 3070 Laptop GPU,GPU,2021-01-12,8,115,392,17400,1110,Samsung,NVIDIA,15231,651
GeForce RTX 3080 Laptop GPU,GPU,2021-01-12,8,115,392,17400,1110,Samsung,NVIDIA,16522,662
RTX A4000,GPU,2021-04-12,8,140,392,17400,735,Samsung,NVIDIA,18988,938
GeForce RTX 3060 Ti,GPU,2020-12-01,8,200,392,17400,1410,Samsung,NVIDIA,20206,961
GeForce RTX 3070 Ti,GPU,2021-01-01,8,200,392,17400,1575,Samsung,NVIDIA,23367,1003
GeForce RTX 3070,GPU,2020-09-01,8,220,392,17400,1500,Samsung,NVIDIA,22093,969
GeForce RTX 2080 Ti,GPU,2018-09-20,12,250,754,18600,1350,TSMC,NVIDIA,21796,940
Quadro RTX 6000,GPU,2018-08-13,12,260,754,18600,1305,TSMC,NVIDIA,19692,837
Quadro RTX 6000,GPU,2018-08-13,12,260,754,18600,1440,TSMC,NVIDIA,19692,837
Quadro RTX 8000,GPU,2018-08-13,12,260,754,18600,1395,TSMC,NVIDIA,19126,801
Quadro RTX 8000,GPU,2018-08-13,12,260,754,18600,1230,TSMC,NVIDIA,19126,801
TITAN RTX,GPU,2018-12-18,12,280,754,18600,1350,TSMC,NVIDIA,20169,844
Quadro GV100,GPU,2018-03-27,12,250,815,21100,1132,TSMC,NVIDIA,17675,841
Tesla V100-SXM2-16GB,GPU,2018-03-27,12,250,815,21100,1290,TSMC,NVIDIA,16235,406
Tesla V100-SXM2-16GB,GPU,2019-11-26,12,250,815,21100,1245,TSMC,NVIDIA,16235,406
Tesla V100-SXM2-16GB,GPU,2017-06-21,12,250,815,21100,1312,TSMC,NVIDIA,16235,406
TITAN V,GPU,2017-12-07,12,250,815,21100,1200,TSMC,NVIDIA,18816,845
TITAN V CEO Edition,GPU,2018-06-21,12,250,815,21100,1200,TSMC,NVIDIA,16988,1086
Radeon RX 6800,GPU,2020-10-28,7,250,520,26800,1700,TSMC,AMD,20667,1030
Radeon RX 6800 XT,GPU,2020-10-28,7,300,520,26800,1825,TSMC,AMD,23364,1078
Radeon RX 6900 XT,GPU,2020-10-28,7,300,520,26800,1825,TSMC,AMD,25458,1102
RTX A5000,GPU,2021-04-12,8,230,628,28300,1170,Samsung,NVIDIA,22867,984
RTX A6000,GPU,2020-10-05,8,300,628,28300,1455,Samsung,NVIDIA,22122,832
GeForce RTX 3080,GPU,2020-09-01,8,320,628,28300,1440,Samsung,NVIDIA,24853,1003
GeForce RTX 3080 Ti,GPU,NaT,8,350,628,28300,1365,Samsung,NVIDIA,26887,1031
GeForce RTX 3090,GPU,2020-09-01,8,350,628,28300,1395,Samsung,NVIDIA,26395,999